"Tanggal","Harga_Jual","Suku_Bunga","TheFed","Inflasi"
"2015-01-02","12536.0","7.75","0.25","6.96"
"2015-01-05","12652.0","7.75","0.25","6.96"
"2015-01-06","12721.0","7.75","0.25","6.96"
"2015-01-07","12796.0","7.75","0.25","6.96"
"2015-01-08","12795.0","7.75","0.25","6.96"
"2015-01-09","12703.0","7.75","0.25","6.96"
"2015-01-12","12631.0","7.75","0.25","6.96"
"2015-01-13","12671.0","7.75","0.25","6.96"
"2015-01-14","12643.0","7.75","0.25","6.96"
"2015-01-15","12680.0","7.75","0.25","6.96"
"2015-01-16","12656.0","7.75","0.25","6.96"
"2015-01-19","12675.0","7.75","0.25","6.96"
"2015-01-20","12722.0","7.75","0.25","6.96"
"2015-01-21","12620.0","7.75","0.25","6.96"
"2015-01-22","12513.0","7.75","0.25","6.96"
"2015-01-23","12506.0","7.75","0.25","6.96"
"2015-01-26","12580.0","7.75","0.25","6.96"
"2015-01-27","12555.0","7.75","0.25","6.96"
"2015-01-28","12560.0","7.5","0.25","6.96"
"2015-01-29","12578.0","7.5","0.25","6.96"
"2015-01-30","12688.0","7.5","0.25","6.96"
"2015-02-02","12764.0","7.5","0.25","6.29"
"2015-02-03","12706.0","7.5","0.25","6.29"
"2015-02-04","12672.0","7.5","0.25","6.29"
"2015-02-05","12716.0","7.5","0.25","6.29"
"2015-02-06","12676.0","7.5","0.25","6.29"
"2015-02-09","12742.0","7.5","0.25","6.29"
"2015-02-10","12707.0","7.5","0.25","6.29"
"2015-02-11","12764.0","7.5","0.25","6.29"
"2015-02-12","12858.0","7.5","0.25","6.29"
"2015-02-13","12833.0","7.5","0.25","6.29"
"2015-02-16","12806.0","7.5","0.25","6.29"
"2015-02-17","12821.0","7.5","0.25","6.29"
"2015-02-18","12868.0","7.5","0.25","6.29"
"2015-02-20","12913.0","7.5","0.25","6.29"
"2015-02-23","12877.0","7.5","0.25","6.29"
"2015-02-24","12930.0","7.5","0.25","6.29"
"2015-02-25","12951.0","7.5","0.25","6.29"
"2015-02-26","12926.0","7.5","0.25","6.29"
"2015-02-27","12927.0","7.5","0.25","6.29"
"2015-03-02","13058.0","7.5","0.25","6.38"
"2015-03-03","13027.0","7.5","0.25","6.38"
"2015-03-04","13028.0","7.5","0.25","6.38"
"2015-03-05","13087.0","7.5","0.25","6.38"
"2015-03-06","13048.0","7.5","0.25","6.38"
"2015-03-09","13112.0","7.5","0.25","6.38"
"2015-03-10","13124.0","7.5","0.25","6.38"
"2015-03-11","13230.0","7.5","0.25","6.38"
"2015-03-12","13242.0","7.5","0.25","6.38"
"2015-03-13","13257.0","7.5","0.25","6.38"
"2015-03-16","13303.0","7.5","0.25","6.38"
"2015-03-17","13275.0","7.5","0.25","6.38"
"2015-03-18","13230.0","7.5","0.25","6.38"
"2015-03-19","13073.0","7.5","0.25","6.38"
"2015-03-20","13140.0","7.5","0.25","6.38"
"2015-03-23","13141.0","7.5","0.25","6.38"
"2015-03-24","13037.0","7.5","0.25","6.38"
"2015-03-25","12997.0","7.5","0.25","6.38"
"2015-03-26","13068.0","7.5","0.25","6.38"
"2015-03-27","13129.0","7.5","0.25","6.38"
"2015-03-30","13151.0","7.5","0.25","6.38"
"2015-03-31","13149.0","7.5","0.25","6.38"
"2015-04-01","13108.0","7.5","0.25","6.79"
"2015-04-02","13065.0","7.5","0.25","6.79"
"2015-04-06","13007.0","7.5","0.25","6.79"
"2015-04-07","13047.0","7.5","0.25","6.79"
"2015-04-08","13067.0","7.5","0.25","6.79"
"2015-04-09","13038.0","7.5","0.25","6.79"
"2015-04-10","12975.0","7.5","0.25","6.79"
"2015-04-13","13010.0","7.5","0.25","6.79"
"2015-04-14","13044.0","7.5","0.25","6.79"
"2015-04-15","13041.0","7.5","0.25","6.79"
"2015-04-16","12902.0","7.5","0.25","6.79"
"2015-04-17","12927.0","7.5","0.25","6.79"
"2015-04-20","12939.0","7.5","0.25","6.79"
"2015-04-21","13007.0","7.5","0.25","6.79"
"2015-04-22","13017.0","7.5","0.25","6.79"
"2015-04-23","13004.0","7.5","0.25","6.79"
"2015-04-24","13006.0","7.5","0.25","6.79"
"2015-04-27","12987.0","7.5","0.25","6.79"
"2015-04-28","13043.0","7.5","0.25","6.79"
"2015-04-29","13029.0","7.5","0.25","6.79"
"2015-04-30","13002.0","7.5","0.25","6.79"
"2015-05-04","13086.0","7.5","0.25","7.15"
"2015-05-05","13058.0","7.5","0.25","7.15"
"2015-05-06","13105.0","7.5","0.25","7.15"
"2015-05-07","13130.0","7.5","0.25","7.15"
"2015-05-08","13243.0","7.5","0.25","7.15"
"2015-05-11","13182.0","7.5","0.25","7.15"
"2015-05-12","13269.0","7.5","0.25","7.15"
"2015-05-13","13254.0","7.5","0.25","7.15"
"2015-05-15","13155.0","7.5","0.25","7.15"
"2015-05-18","13182.0","7.5","0.25","7.15"
"2015-05-19","13249.0","7.5","0.25","7.15"
"2015-05-20","13235.0","7.5","0.25","7.15"
"2015-05-21","13216.0","7.5","0.25","7.15"
"2015-05-22","13202.0","7.5","0.25","7.15"
"2015-05-25","13252.0","7.5","0.25","7.15"
"2015-05-26","13258.0","7.5","0.25","7.15"
"2015-05-27","13295.0","7.5","0.25","7.15"
"2015-05-28","13271.0","7.5","0.25","7.15"
"2015-05-29","13277.0","7.5","0.25","7.15"
"2015-06-01","13296.0","7.5","0.25","7.26"
"2015-06-03","13262.0","7.5","0.25","7.26"
"2015-06-04","13309.0","7.5","0.25","7.26"
"2015-06-05","13354.0","7.5","0.25","7.26"
"2015-06-08","13427.0","7.5","0.25","7.26"
"2015-06-09","13429.0","7.5","0.25","7.26"
"2015-06-10","13396.0","7.5","0.25","7.26"
"2015-06-11","13358.0","7.5","0.25","7.26"
"2015-06-12","13384.0","7.5","0.25","7.26"
"2015-06-15","13400.0","7.5","0.25","7.26"
"2015-06-16","13400.0","7.5","0.25","7.26"
"2015-06-17","13434.0","7.5","0.25","7.26"
"2015-06-18","13408.0","7.5","0.25","7.26"
"2015-06-19","13391.0","7.5","0.25","7.26"
"2015-06-22","13385.0","7.5","0.25","7.26"
"2015-06-23","13383.0","7.5","0.25","7.26"
"2015-06-24","13346.0","7.5","0.25","7.26"
"2015-06-25","13390.0","7.5","0.25","7.26"
"2015-06-26","13405.0","7.5","0.25","7.26"
"2015-06-29","13423.0","7.5","0.25","7.26"
"2015-06-30","13399.0","7.5","0.25","7.26"
"2015-07-01","13398.0","7.5","0.25","7.26"
"2015-07-02","13404.0","7.5","0.25","7.26"
"2015-07-03","13383.0","7.5","0.25","7.26"
"2015-07-06","13420.0","7.5","0.25","7.26"
"2015-07-07","13380.0","7.5","0.25","7.26"
"2015-07-08","13413.0","7.5","0.25","7.26"
"2015-07-09","13414.0","7.5","0.25","7.26"
"2015-07-10","13371.0","7.5","0.25","7.26"
"2015-07-13","13376.0","7.5","0.25","7.26"
"2015-07-14","13387.0","7.5","0.25","7.26"
"2015-07-15","13396.0","7.5","0.25","7.26"
"2015-07-22","13435.0","7.5","0.25","7.26"
"2015-07-23","13461.0","7.5","0.25","7.26"
"2015-07-24","13515.0","7.5","0.25","7.26"
"2015-07-27","13520.0","7.5","0.25","7.26"
"2015-07-28","13527.0","7.5","0.25","7.26"
"2015-07-29","13511.0","7.5","0.25","7.26"
"2015-07-30","13535.0","7.5","0.25","7.26"
"2015-07-31","13548.0","7.5","0.25","7.26"
"2015-08-03","13559.0","7.5","0.25","7.18"
"2015-08-04","13562.0","7.5","0.25","7.18"
"2015-08-05","13585.0","7.5","0.25","7.18"
"2015-08-06","13597.0","7.5","0.25","7.18"
"2015-08-07","13604.0","7.5","0.25","7.18"
"2015-08-10","13604.0","7.5","0.25","7.18"
"2015-08-11","13609.0","7.5","0.25","7.18"
"2015-08-12","13827.0","7.5","0.25","7.18"
"2015-08-13","13816.0","7.5","0.25","7.18"
"2015-08-14","13832.0","7.5","0.25","7.18"
"2015-08-18","13900.0","7.5","0.25","7.18"
"2015-08-19","13893.0","7.5","0.25","7.18"
"2015-08-20","13907.0","7.5","0.25","7.18"
"2015-08-21","13964.0","7.5","0.25","7.18"
"2015-08-24","14068.0","7.5","0.25","7.18"
"2015-08-25","14137.0","7.5","0.25","7.18"
"2015-08-26","14173.0","7.5","0.25","7.18"
"2015-08-27","14199.0","7.5","0.25","7.18"
"2015-08-28","14081.0","7.5","0.25","7.18"
"2015-08-31","14097.0","7.5","0.25","7.18"
"2015-09-01","14151.0","7.5","0.25","6.83"
"2015-09-02","14198.0","7.5","0.25","6.83"
"2015-09-03","14231.0","7.5","0.25","6.83"
"2015-09-04","14249.0","7.5","0.25","6.83"
"2015-09-07","14305.0","7.5","0.25","6.83"
"2015-09-08","14356.0","7.5","0.25","6.83"
"2015-09-09","14315.0","7.5","0.25","6.83"
"2015-09-10","14394.0","7.5","0.25","6.83"
"2015-09-11","14378.0","7.5","0.25","6.83"
"2015-09-14","14394.0","7.5","0.25","6.83"
"2015-09-15","14443.0","7.5","0.25","6.83"
"2015-09-16","14514.0","7.5","0.25","6.83"
"2015-09-17","14524.0","7.5","0.25","6.83"
"2015-09-18","14535.0","7.5","0.25","6.83"
"2015-09-21","14523.0","7.5","0.25","6.83"
"2015-09-22","14558.0","7.5","0.25","6.83"
"2015-09-23","14696.0","7.5","0.25","6.83"
"2015-09-25","14763.0","7.5","0.25","6.83"
"2015-09-28","14769.0","7.5","0.25","6.83"
"2015-09-29","14802.0","7.5","0.25","6.83"
"2015-09-30","14730.0","7.5","0.25","6.83"
"2015-10-01","14727.0","7.5","0.25","6.25"
"2015-10-02","14783.0","7.5","0.25","6.25"
"2015-10-05","14677.0","7.5","0.25","6.25"
"2015-10-06","14454.0","7.5","0.25","6.25"
"2015-10-07","14135.0","7.5","0.25","6.25"
"2015-10-08","13878.0","7.5","0.25","6.25"
"2015-10-09","13589.0","7.5","0.25","6.25"
"2015-10-12","13533.0","7.5","0.25","6.25"
"2015-10-13","13625.0","7.5","0.25","6.25"
"2015-10-15","13354.0","7.5","0.25","6.25"
"2015-10-16","13602.0","7.5","0.25","6.25"
"2015-10-19","13631.0","7.5","0.25","6.25"
"2015-10-20","13702.0","7.5","0.25","6.25"
"2015-10-21","13764.0","7.5","0.25","6.25"
"2015-10-22","13708.0","7.5","0.25","6.25"
"2015-10-23","13558.0","7.5","0.25","6.25"
"2015-10-26","13711.0","7.5","0.25","6.25"
"2015-10-27","13694.0","7.5","0.25","6.25"
"2015-10-28","13698.0","7.5","0.25","6.25"
"2015-10-29","13630.0","7.5","0.25","6.25"
"2015-10-30","13707.0","7.5","0.25","6.25"
"2015-11-02","13750.0","7.5","0.25","4.89"
"2015-11-03","13662.0","7.5","0.25","4.89"
"2015-11-04","13528.0","7.5","0.25","4.89"
"2015-11-05","13671.0","7.5","0.25","4.89"
"2015-11-06","13618.0","7.5","0.25","4.89"
"2015-11-09","13755.0","7.5","0.25","4.89"
"2015-11-10","13687.0","7.5","0.25","4.89"
"2015-11-11","13644.0","7.5","0.25","4.89"
"2015-11-12","13643.0","7.5","0.25","4.89"
"2015-11-13","13701.0","7.5","0.25","4.89"
"2015-11-16","13801.0","7.5","0.25","4.89"
"2015-11-17","13780.0","7.5","0.25","4.89"
"2015-11-18","13832.0","7.5","0.25","4.89"
"2015-11-19","13856.0","7.5","0.25","4.89"
"2015-11-20","13808.0","7.5","0.25","4.89"
"2015-11-23","13764.0","7.5","0.25","4.89"
"2015-11-24","13792.0","7.5","0.25","4.89"
"2015-11-25","13741.0","7.5","0.25","4.89"
"2015-11-26","13802.0","7.5","0.25","4.89"
"2015-11-27","13816.0","7.5","0.25","4.89"
"2015-11-30","13909.0","7.5","0.25","4.89"
"2015-12-01","13877.0","7.5","0.25","3.35"
"2015-12-02","13826.0","7.5","0.25","3.35"
"2015-12-03","13914.0","7.5","0.25","3.35"
"2015-12-04","13902.0","7.5","0.25","3.35"
"2015-12-07","13906.0","7.5","0.25","3.35"
"2015-12-08","13922.0","7.5","0.25","3.35"
"2015-12-10","14024.0","7.5","0.25","3.35"
"2015-12-11","14007.0","7.5","0.25","3.35"
"2015-12-14","14146.0","7.5","0.5","3.35"
"2015-12-15","14135.0","7.5","0.5","3.35"
"2015-12-16","14120.0","7.5","0.5","3.35"
"2015-12-17","14098.0","7.5","0.5","3.35"
"2015-12-18","14102.0","7.5","0.5","3.35"
"2015-12-21","13941.0","7.5","0.5","3.35"
"2015-12-22","13683.0","7.5","0.5","3.35"
"2015-12-23","13712.0","7.5","0.5","3.35"
"2015-12-28","13707.0","7.5","0.5","3.35"
"2015-12-29","13726.0","7.5","0.5","3.35"
"2015-12-30","13863.0","7.5","0.5","3.35"
"2015-12-31","13864.0","7.5","0.5","3.35"
"2016-01-04","13967.0","7.25","0.5","4.14"
"2016-01-05","14001.0","7.25","0.5","4.14"
"2016-01-06","13932.0","7.25","0.5","4.14"
"2016-01-07","14016.0","7.25","0.5","4.14"
"2016-01-08","13943.0","7.25","0.5","4.14"
"2016-01-11","14005.0","7.25","0.5","4.14"
"2016-01-12","13904.0","7.25","0.5","4.14"
"2016-01-13","13930.0","7.25","0.5","4.14"
"2016-01-14","13946.0","7.25","0.5","4.14"
"2016-01-15","13955.0","7.25","0.5","4.14"
"2016-01-18","14001.0","7.25","0.5","4.14"
"2016-01-19","13991.0","7.25","0.5","4.14"
"2016-01-20","13965.0","7.25","0.5","4.14"
"2016-01-21","13968.0","7.25","0.5","4.14"
"2016-01-22","13943.0","7.25","0.5","4.14"
"2016-01-25","13913.0","7.25","0.5","4.14"
"2016-01-26","13974.0","7.25","0.5","4.14"
"2016-01-27","13940.0","7.25","0.5","4.14"
"2016-01-28","13958.0","7.25","0.5","4.14"
"2016-01-29","13915.0","7.25","0.5","4.14"
"2016-02-01","13767.0","7.0","0.5","4.42"
"2016-02-02","13689.0","7.0","0.5","4.42"
"2016-02-03","13826.0","7.0","0.5","4.42"
"2016-02-04","13730.0","7.0","0.5","4.42"
"2016-02-05","13721.0","7.0","0.5","4.42"
"2016-02-09","13757.0","7.0","0.5","4.42"
"2016-02-10","13606.0","7.0","0.5","4.42"
"2016-02-11","13436.0","7.0","0.5","4.42"
"2016-02-12","13538.0","7.0","0.5","4.42"
"2016-02-15","13543.0","7.0","0.5","4.42"
"2016-02-16","13400.0","7.0","0.5","4.42"
"2016-02-17","13572.0","7.0","0.5","4.42"
"2016-02-18","13546.0","7.0","0.5","4.42"
"2016-02-19","13617.0","7.0","0.5","4.42"
"2016-02-22","13527.0","7.0","0.5","4.42"
"2016-02-23","13464.0","7.0","0.5","4.42"
"2016-02-24","13513.0","7.0","0.5","4.42"
"2016-02-25","13483.0","7.0","0.5","4.42"
"2016-02-26","13467.0","7.0","0.5","4.42"
"2016-02-29","13462.0","7.0","0.5","4.42"
"2016-03-01","13434.0","6.75","0.5","4.45"
"2016-03-02","13381.0","6.75","0.5","4.45"
"2016-03-03","13326.0","6.75","0.5","4.45"
"2016-03-04","13225.0","6.75","0.5","4.45"
"2016-03-07","13094.0","6.75","0.5","4.45"
"2016-03-08","13194.0","6.75","0.5","4.45"
"2016-03-10","13215.0","6.75","0.5","4.45"
"2016-03-11","13152.0","6.75","0.5","4.45"
"2016-03-14","13085.0","6.75","0.5","4.45"
"2016-03-15","13152.0","6.75","0.5","4.45"
"2016-03-16","13235.0","6.75","0.5","4.45"
"2016-03-17","13232.0","6.75","0.5","4.45"
"2016-03-18","13113.0","6.75","0.5","4.45"
"2016-03-21","13226.0","6.75","0.5","4.45"
"2016-03-22","13241.0","6.75","0.5","4.45"
"2016-03-23","13233.0","6.75","0.5","4.45"
"2016-03-24","13316.0","6.75","0.5","4.45"
"2016-03-28","13390.0","6.75","0.5","4.45"
"2016-03-29","13430.0","6.75","0.5","4.45"
"2016-03-30","13426.0","6.75","0.5","4.45"
"2016-03-31","13342.0","6.75","0.5","4.45"
"2016-04-01","13266.0","6.75","0.5","3.6"
"2016-04-04","13211.0","6.75","0.5","3.6"
"2016-04-05","13283.0","6.75","0.5","3.6"
"2016-04-06","13289.0","6.75","0.5","3.6"
"2016-04-07","13263.0","6.75","0.5","3.6"
"2016-04-08","13235.0","6.75","0.5","3.6"
"2016-04-11","13200.0","6.75","0.5","3.6"
"2016-04-12","13189.0","6.75","0.5","3.6"
"2016-04-13","13161.0","6.75","0.5","3.6"
"2016-04-14","13304.0","6.75","0.5","3.6"
"2016-04-15","13232.0","6.75","0.5","3.6"
"2016-04-18","13270.0","6.75","0.5","3.6"
"2016-04-19","13216.0","6.75","0.5","3.6"
"2016-04-20","13199.0","6.75","0.5","3.6"
"2016-04-21","13248.0","5.5","0.5","3.6"
"2016-04-22","13235.0","5.5","0.5","3.6"
"2016-04-25","13301.0","5.5","0.5","3.6"
"2016-04-26","13281.0","5.5","0.5","3.6"
"2016-04-27","13239.0","5.5","0.5","3.6"
"2016-04-28","13270.0","5.5","0.5","3.6"
"2016-04-29","13270.0","5.5","0.5","3.6"
"2016-05-02","13258.0","5.5","0.5","3.33"
"2016-05-03","13228.0","5.5","0.5","3.33"
"2016-05-04","13312.0","5.5","0.5","3.33"
"2016-05-09","13350.0","5.5","0.5","3.33"
"2016-05-10","13400.0","5.5","0.5","3.33"
"2016-05-11","13337.0","5.5","0.5","3.33"
"2016-05-12","13365.0","5.5","0.5","3.33"
"2016-05-13","13378.0","5.5","0.5","3.33"
"2016-05-16","13395.0","5.5","0.5","3.33"
"2016-05-17","13344.0","5.5","0.5","3.33"
"2016-05-18","13386.0","5.5","0.5","3.33"
"2016-05-19","13534.0","5.5","0.5","3.33"
"2016-05-20","13641.0","5.5","0.5","3.33"
"2016-05-23","13675.0","5.5","0.5","3.33"
"2016-05-24","13674.0","5.5","0.5","3.33"
"2016-05-25","13739.0","5.5","0.5","3.33"
"2016-05-26","13683.0","5.5","0.5","3.33"
"2016-05-27","13643.0","5.5","0.5","3.33"
"2016-05-30","13709.0","5.5","0.5","3.33"
"2016-05-31","13683.0","5.5","0.5","3.33"
"2016-06-01","13739.0","5.5","0.5","3.45"
"2016-06-02","13763.0","5.5","0.5","3.45"
"2016-06-03","13680.0","5.5","0.5","3.45"
"2016-06-06","13545.0","5.5","0.5","3.45"
"2016-06-07","13442.0","5.5","0.5","3.45"
"2016-06-08","13307.0","5.5","0.5","3.45"
"2016-06-09","13297.0","5.5","0.5","3.45"
"2016-06-10","13376.0","5.5","0.5","3.45"
"2016-06-13","13408.0","5.5","0.5","3.45"
"2016-06-14","13339.0","5.5","0.5","3.45"
"2016-06-15","13465.0","5.5","0.5","3.45"
"2016-06-16","13394.0","5.25","0.5","3.45"
"2016-06-17","13425.0","5.25","0.5","3.45"
"2016-06-20","13326.0","5.25","0.5","3.45"
"2016-06-21","13352.0","5.25","0.5","3.45"
"2016-06-22","13364.0","5.25","0.5","3.45"
"2016-06-23","13331.0","5.25","0.5","3.45"
"2016-06-24","13362.0","5.25","0.5","3.45"
"2016-06-27","13562.0","5.25","0.5","3.45"
"2016-06-28","13322.0","5.25","0.5","3.45"
"2016-06-29","13232.0","5.25","0.5","3.45"
"2016-06-30","13246.0","5.25","0.5","3.45"
"2016-07-01","13238.0","5.25","0.5","3.21"
"2016-07-04","13238.0","5.25","0.5","3.21"
"2016-07-11","13178.0","5.25","0.5","3.21"
"2016-07-12","13217.0","5.25","0.5","3.21"
"2016-07-13","13160.0","5.25","0.5","3.21"
"2016-07-14","13153.0","5.25","0.5","3.21"
"2016-07-15","13151.0","5.25","0.5","3.21"
"2016-07-18","13178.0","5.25","0.5","3.21"
"2016-07-19","13151.0","5.25","0.5","3.21"
"2016-07-20","13166.0","5.25","0.5","3.21"
"2016-07-21","13188.0","5.25","0.5","3.21"
"2016-07-22","13168.0","5.25","0.5","3.21"
"2016-07-25","13201.0","5.25","0.5","3.21"
"2016-07-26","13216.0","5.25","0.5","3.21"
"2016-07-27","13196.0","5.25","0.5","3.21"
"2016-07-28","13179.0","5.25","0.5","3.21"
"2016-07-29","13159.0","5.25","0.5","3.21"
"2016-08-01","13145.0","5.25","0.5","2.79"
"2016-08-02","13144.0","5.25","0.5","2.79"
"2016-08-03","13180.0","5.25","0.5","2.79"
"2016-08-04","13204.0","5.25","0.5","2.79"
"2016-08-05","13191.0","5.25","0.5","2.79"
"2016-08-08","13210.0","5.25","0.5","2.79"
"2016-08-09","13199.0","5.25","0.5","2.79"
"2016-08-10","13189.0","5.25","0.5","2.79"
"2016-08-11","13179.0","5.25","0.5","2.79"
"2016-08-12","13186.0","5.25","0.5","2.79"
"2016-08-15","13187.0","5.25","0.5","2.79"
"2016-08-16","13163.0","5.25","0.5","2.79"
"2016-08-18","13180.0","5.25","0.5","2.79"
"2016-08-19","13185.0","5.25","0.5","2.79"
"2016-08-22","13263.0","5.25","0.5","2.79"
"2016-08-23","13282.0","5.25","0.5","2.79"
"2016-08-24","13318.0","5.25","0.5","2.79"
"2016-08-25","13333.0","5.25","0.5","2.79"
"2016-08-26","13308.0","5.25","0.5","2.79"
"2016-08-29","13341.0","5.25","0.5","2.79"
"2016-08-30","13326.0","5.25","0.5","2.79"
"2016-08-31","13367.0","5.25","0.5","2.79"
"2016-09-01","13335.0","5.25","0.5","3.07"
"2016-09-02","13327.0","5.25","0.5","3.07"
"2016-09-05","13263.0","5.25","0.5","3.07"
"2016-09-06","13228.0","5.25","0.5","3.07"
"2016-09-07","13151.0","5.25","0.5","3.07"
"2016-09-08","13155.0","5.25","0.5","3.07"
"2016-09-09","13154.0","5.25","0.5","3.07"
"2016-09-13","13217.0","5.25","0.5","3.07"
"2016-09-14","13294.0","5.25","0.5","3.07"
"2016-09-15","13256.0","5.25","0.5","3.07"
"2016-09-16","13197.0","5.25","0.5","3.07"
"2016-09-19","13230.0","5.25","0.5","3.07"
"2016-09-20","13208.0","5.25","0.5","3.07"
"2016-09-21","13214.0","5.25","0.5","3.07"
"2016-09-22","13163.0","5.0","0.5","3.07"
"2016-09-23","13163.0","5.0","0.5","3.07"
"2016-09-26","13141.0","5.0","0.5","3.07"
"2016-09-27","13092.0","5.0","0.5","3.07"
"2016-09-28","12991.0","5.0","0.5","3.07"
"2016-09-29","13017.0","5.0","0.5","3.07"
"2016-09-30","13063.0","5.0","0.5","3.07"
"2016-10-03","13075.0","5.0","0.5","3.31"
"2016-10-04","13053.0","5.0","0.5","3.31"
"2016-10-05","13060.0","5.0","0.5","3.31"
"2016-10-06","13057.0","5.0","0.5","3.31"
"2016-10-07","13067.0","5.0","0.5","3.31"
"2016-10-10","13034.0","5.0","0.5","3.31"
"2016-10-11","13057.0","5.0","0.5","3.31"
"2016-10-12","13088.0","5.0","0.5","3.31"
"2016-10-13","13093.0","5.0","0.5","3.31"
"2016-10-14","13112.0","5.0","0.5","3.31"
"2016-10-17","13119.0","5.0","0.5","3.31"
"2016-10-18","13109.0","5.0","0.5","3.31"
"2016-10-19","13072.0","5.0","0.5","3.31"
"2016-10-20","13064.0","4.75","0.5","3.31"
"2016-10-21","13085.0","4.75","0.5","3.31"
"2016-10-24","13112.0","4.75","0.5","3.31"
"2016-10-25","13087.0","4.75","0.5","3.31"
"2016-10-26","13062.0","4.75","0.5","3.31"
"2016-10-27","13092.0","4.75","0.5","3.31"
"2016-10-28","13113.0","4.75","0.5","3.31"
"2016-10-31","13116.0","4.75","0.5","3.31"
"2016-11-01","13101.0","4.75","0.5","3.58"
"2016-11-02","13123.0","4.75","0.5","3.58"
"2016-11-03","13115.0","4.75","0.5","3.58"
"2016-11-04","13169.0","4.75","0.5","3.58"
"2016-11-07","13147.0","4.75","0.5","3.58"
"2016-11-08","13155.0","4.75","0.5","3.58"
"2016-11-09","13149.0","4.75","0.5","3.58"
"2016-11-10","13184.0","4.75","0.5","3.58"
"2016-11-11","13417.0","4.75","0.5","3.58"
"2016-11-14","13425.0","4.75","0.5","3.58"
"2016-11-15","13405.0","4.75","0.5","3.58"
"2016-11-16","13414.0","4.75","0.5","3.58"
"2016-11-17","13452.0","4.75","0.5","3.58"
"2016-11-18","13475.0","4.75","0.5","3.58"
"2016-11-21","13505.0","4.75","0.5","3.58"
"2016-11-22","13491.0","4.75","0.5","3.58"
"2016-11-23","13540.0","4.75","0.5","3.58"
"2016-11-24","13608.0","4.75","0.5","3.58"
"2016-11-25","13638.0","4.75","0.5","3.58"
"2016-11-28","13534.0","4.75","0.5","3.58"
"2016-11-29","13617.0","4.75","0.5","3.58"
"2016-11-30","13631.0","4.75","0.5","3.58"
"2016-12-01","13650.0","4.75","0.5","3.58"
"2016-12-02","13592.0","4.75","0.5","3.02"
"2016-12-05","13584.0","4.75","0.5","3.02"
"2016-12-06","13472.0","4.75","0.5","3.02"
"2016-12-07","13403.0","4.75","0.5","3.02"
"2016-12-08","13371.0","4.75","0.5","3.02"
"2016-12-09","13404.0","4.75","0.5","3.02"
"2016-12-13","13376.0","4.75","0.5","3.02"
"2016-12-14","13351.0","4.75","0.75","3.02"
"2016-12-15","13434.0","4.75","0.75","3.02"
"2016-12-16","13493.0","4.75","0.75","3.02"
"2016-12-19","13448.0","4.75","0.75","3.02"
"2016-12-20","13460.0","4.75","0.75","3.02"
"2016-12-21","13540.0","4.75","0.75","3.02"
"2016-12-22","13502.0","4.75","0.75","3.02"
"2016-12-23","13537.0","4.75","0.75","3.02"
"2016-12-27","13503.0","4.75","0.75","3.02"
"2016-12-28","13514.0","4.75","0.75","3.02"
"2016-12-29","13540.0","4.75","0.75","3.02"
"2016-12-30","13503.0","4.75","0.75","3.02"
"2016-12-31","13503.0","4.75","0.75","3.02"
"2017-01-03","13552.0","4.75","0.75","3.49"
"2017-01-04","13545.0","4.75","0.75","3.49"
"2017-01-05","13437.0","4.75","0.75","3.49"
"2017-01-06","13414.0","4.75","0.75","3.49"
"2017-01-09","13452.0","4.75","0.75","3.49"
"2017-01-10","13387.0","4.75","0.75","3.49"
"2017-01-11","13394.0","4.75","0.75","3.49"
"2017-01-12","13354.0","4.75","0.75","3.49"
"2017-01-13","13375.0","4.75","0.75","3.49"
"2017-01-16","13421.0","4.75","0.75","3.49"
"2017-01-17","13448.0","4.75","0.75","3.49"
"2017-01-18","13395.0","4.75","0.75","3.49"
"2017-01-19","13443.0","4.75","0.75","3.49"
"2017-01-20","13449.0","4.75","0.75","3.49"
"2017-01-23","13439.0","4.75","0.75","3.49"
"2017-01-24","13397.0","4.75","0.75","3.49"
"2017-01-25","13407.0","4.75","0.75","3.49"
"2017-01-26","13392.0","4.75","0.75","3.49"
"2017-01-27","13426.0","4.75","0.75","3.49"
"2017-01-30","13402.0","4.75","0.75","3.49"
"2017-01-31","13410.0","4.75","0.75","3.49"
"2017-02-01","13416.0","4.75","0.75","3.83"
"2017-02-02","13441.0","4.75","0.75","3.83"
"2017-02-03","13429.0","4.75","0.75","3.83"
"2017-02-06","13396.0","4.75","0.75","3.83"
"2017-02-07","13389.0","4.75","0.75","3.83"
"2017-02-08","13404.0","4.75","0.75","3.83"
"2017-02-09","13375.0","4.75","0.75","3.83"
"2017-02-10","13385.0","4.75","0.75","3.83"
"2017-02-13","13397.0","4.75","0.75","3.83"
"2017-02-14","13397.0","4.75","0.75","3.83"
"2017-02-16","13396.0","4.75","0.75","3.83"
"2017-02-17","13395.0","4.75","0.75","3.83"
"2017-02-20","13419.0","4.75","0.75","3.83"
"2017-02-21","13437.0","4.75","0.75","3.83"
"2017-02-22","13423.0","4.75","0.75","3.83"
"2017-02-23","13427.0","4.75","0.75","3.83"
"2017-02-24","13403.0","4.75","0.75","3.83"
"2017-02-27","13406.0","4.75","0.75","3.83"
"2017-02-28","13414.0","4.75","0.75","3.83"
"2017-03-01","13428.0","4.75","0.75","3.61"
"2017-03-02","13428.0","4.75","0.75","3.61"
"2017-03-03","13442.0","4.75","0.75","3.61"
"2017-03-06","13431.0","4.75","0.75","3.61"
"2017-03-07","13417.0","4.75","0.75","3.61"
"2017-03-08","13407.0","4.75","0.75","3.61"
"2017-03-09","13440.0","4.75","0.75","3.61"
"2017-03-10","13460.0","4.75","0.75","3.61"
"2017-03-13","13431.0","4.75","0.75","3.61"
"2017-03-14","13427.0","4.75","0.75","3.61"
"2017-03-15","13442.0","4.75","1.0","3.61"
"2017-03-16","13403.0","4.75","1.0","3.61"
"2017-03-17","13409.0","4.75","1.0","3.61"
"2017-03-20","13396.0","4.75","1.0","3.61"
"2017-03-21","13375.0","4.75","1.0","3.61"
"2017-03-22","13402.0","4.75","1.0","3.61"
"2017-03-23","13399.0","4.75","1.0","3.61"
"2017-03-24","13396.0","4.75","1.0","3.61"
"2017-03-27","13381.0","4.75","1.0","3.61"
"2017-03-29","13390.0","4.75","1.0","3.61"
"2017-03-30","13383.0","4.75","1.0","3.61"
"2017-03-31","13388.0","4.75","1.0","3.61"
"2017-04-03","13391.0","4.75","1.0","4.17"
"2017-04-04","13393.0","4.75","1.0","4.17"
"2017-04-05","13396.0","4.75","1.0","4.17"
"2017-04-06","13394.0","4.75","1.0","4.17"
"2017-04-07","13408.0","4.75","1.0","4.17"
"2017-04-10","13390.0","4.75","1.0","4.17"
"2017-04-11","13348.0","4.75","1.0","4.17"
"2017-04-12","13364.0","4.75","1.0","4.17"
"2017-04-13","13330.0","4.75","1.0","4.17"
"2017-04-17","13321.0","4.75","1.0","4.17"
"2017-04-18","13365.0","4.75","1.0","4.17"
"2017-04-19","13365.0","4.75","1.0","4.17"
"2017-04-20","13395.0","4.75","1.0","4.17"
"2017-04-21","13387.0","4.75","1.0","4.17"
"2017-04-25","13362.0","4.75","1.0","4.17"
"2017-04-26","13344.0","4.75","1.0","4.17"
"2017-04-27","13365.0","4.75","1.0","4.17"
"2017-04-28","13394.0","4.75","1.0","4.17"
"2017-05-02","13383.0","4.75","1.0","4.33"
"2017-05-03","13363.0","4.75","1.0","4.33"
"2017-05-04","13397.0","4.75","1.0","4.33"
"2017-05-05","13406.0","4.75","1.0","4.33"
"2017-05-08","13391.0","4.75","1.0","4.33"
"2017-05-09","13384.0","4.75","1.0","4.33"
"2017-05-10","13422.0","4.75","1.0","4.33"
"2017-05-12","13407.0","4.75","1.0","4.33"
"2017-05-15","13386.0","4.75","1.0","4.33"
"2017-05-16","13364.0","4.75","1.0","4.33"
"2017-05-17","13373.0","4.75","1.0","4.33"
"2017-05-18","13410.0","4.75","1.0","4.33"
"2017-05-19","13477.0","4.75","1.0","4.33"
"2017-05-22","13363.0","4.75","1.0","4.33"
"2017-05-23","13362.0","4.75","1.0","4.33"
"2017-05-24","13383.0","4.75","1.0","4.33"
"2017-05-26","13361.0","4.75","1.0","4.33"
"2017-05-29","13379.0","4.75","1.0","4.33"
"2017-05-30","13403.0","4.75","1.0","4.33"
"2017-05-31","13388.0","4.75","1.0","4.33"
"2017-06-02","13378.0","4.75","1.0","4.37"
"2017-06-05","13353.0","4.75","1.0","4.37"
"2017-06-06","13351.0","4.75","1.0","4.37"
"2017-06-07","13374.0","4.75","1.0","4.37"
"2017-06-08","13383.0","4.75","1.0","4.37"
"2017-06-09","13358.0","4.75","1.0","4.37"
"2017-06-12","13358.0","4.75","1.0","4.37"
"2017-06-13","13360.0","4.75","1.0","4.37"
"2017-06-14","13352.0","4.75","1.25","4.37"
"2017-06-15","13348.0","4.75","1.25","4.37"
"2017-06-16","13364.0","4.75","1.25","4.37"
"2017-06-19","13352.0","4.75","1.25","4.37"
"2017-06-20","13363.0","4.75","1.25","4.37"
"2017-06-21","13368.0","4.75","1.25","4.37"
"2017-06-22","13386.0","4.75","1.25","4.37"
"2017-06-30","13386.0","4.75","1.25","4.37"
"2017-07-03","13392.0","4.75","1.25","3.88"
"2017-07-04","13453.0","4.75","1.25","3.88"
"2017-07-05","13416.0","4.75","1.25","3.88"
"2017-07-06","13431.0","4.75","1.25","3.88"
"2017-07-07","13464.0","4.75","1.25","3.88"
"2017-07-10","13475.0","4.75","1.25","3.88"
"2017-07-11","13454.0","4.75","1.25","3.88"
"2017-07-12","13435.0","4.75","1.25","3.88"
"2017-07-13","13409.0","4.75","1.25","3.88"
"2017-07-14","13414.0","4.75","1.25","3.88"
"2017-07-17","13380.0","4.75","1.25","3.88"
"2017-07-18","13381.0","4.75","1.25","3.88"
"2017-07-19","13371.0","4.75","1.25","3.88"
"2017-07-20","13387.0","4.75","1.25","3.88"
"2017-07-21","13390.0","4.75","1.25","3.88"
"2017-07-24","13386.0","4.75","1.25","3.88"
"2017-07-25","13387.0","4.75","1.25","3.88"
"2017-07-26","13401.0","4.75","1.25","3.88"
"2017-07-27","13382.0","4.75","1.25","3.88"
"2017-07-28","13393.0","4.75","1.25","3.88"
"2017-07-31","13390.0","4.75","1.25","3.88"
"2017-08-01","13385.0","4.75","1.25","3.82"
"2017-08-02","13398.0","4.75","1.25","3.82"
"2017-08-03","13397.0","4.75","1.25","3.82"
"2017-08-04","13391.0","4.75","1.25","3.82"
"2017-08-07","13386.0","4.75","1.25","3.82"
"2017-08-08","13386.0","4.75","1.25","3.82"
"2017-08-09","13391.0","4.75","1.25","3.82"
"2017-08-10","13405.0","4.75","1.25","3.82"
"2017-08-11","13437.0","4.75","1.25","3.82"
"2017-08-14","13411.0","4.75","1.25","3.82"
"2017-08-15","13411.0","4.75","1.25","3.82"
"2017-08-16","13441.0","4.75","1.25","3.82"
"2017-08-18","13435.0","4.75","1.25","3.82"
"2017-08-21","13422.0","4.75","1.25","3.82"
"2017-08-22","13405.0","4.5","1.25","3.82"
"2017-08-23","13409.0","4.5","1.25","3.82"
"2017-08-24","13421.0","4.5","1.25","3.82"
"2017-08-25","13415.0","4.5","1.25","3.82"
"2017-08-28","13405.0","4.5","1.25","3.82"
"2017-08-29","13415.0","4.5","1.25","3.82"
"2017-08-30","13410.0","4.5","1.25","3.82"
"2017-08-31","13418.0","4.5","1.25","3.82"
"2017-09-04","13412.0","4.5","1.25","3.72"
"2017-09-05","13403.0","4.5","1.25","3.72"
"2017-09-06","13404.0","4.5","1.25","3.72"
"2017-09-07","13398.0","4.5","1.25","3.72"
"2017-09-08","13350.0","4.5","1.25","3.72"
"2017-09-11","13220.0","4.5","1.25","3.72"
"2017-09-12","13252.0","4.5","1.25","3.72"
"2017-09-13","13275.0","4.5","1.25","3.72"
"2017-09-14","13305.0","4.5","1.25","3.72"
"2017-09-15","13327.0","4.5","1.25","3.72"
"2017-09-18","13304.0","4.5","1.25","3.72"
"2017-09-19","13324.0","4.5","1.25","3.72"
"2017-09-20","13336.0","4.5","1.25","3.72"
"2017-09-22","13392.0","4.25","1.25","3.72"
"2017-09-25","13372.0","4.25","1.25","3.72"
"2017-09-26","13415.0","4.25","1.25","3.72"
"2017-09-27","13451.0","4.25","1.25","3.72"
"2017-09-28","13531.0","4.25","1.25","3.72"
"2017-09-29","13559.0","4.25","1.25","3.72"
"2017-10-02","13566.0","4.25","1.25","3.58"
"2017-10-03","13650.0","4.25","1.25","3.58"
"2017-10-04","13556.0","4.25","1.25","3.58"
"2017-10-05","13550.0","4.25","1.25","3.58"
"2017-10-06","13552.0","4.25","1.25","3.58"
"2017-10-09","13572.0","4.25","1.25","3.58"
"2017-10-10","13558.0","4.25","1.25","3.58"
"2017-10-11","13577.0","4.25","1.25","3.58"
"2017-10-12","13589.0","4.25","1.25","3.58"
"2017-10-13","13576.0","4.25","1.25","3.58"
"2017-10-16","13550.0","4.25","1.25","3.58"
"2017-10-17","13557.0","4.25","1.25","3.58"
"2017-10-18","13582.0","4.25","1.25","3.58"
"2017-10-19","13589.0","4.25","1.25","3.58"
"2017-10-20","13585.0","4.25","1.25","3.58"
"2017-10-23","13603.0","4.25","1.25","3.58"
"2017-10-24","13597.0","4.25","1.25","3.58"
"2017-10-25","13638.0","4.25","1.25","3.58"
"2017-10-26","13628.0","4.25","1.25","3.58"
"2017-10-27","13698.0","4.25","1.25","3.58"
"2017-10-30","13648.0","4.25","1.25","3.58"
"2017-10-31","13640.0","4.25","1.25","3.58"
"2017-11-01","13660.0","4.25","1.25","3.3"
"2017-11-02","13630.0","4.25","1.25","3.3"
"2017-11-03","13568.0","4.25","1.25","3.3"
"2017-11-06","13597.0","4.25","1.25","3.3"
"2017-11-07","13572.0","4.25","1.25","3.3"
"2017-11-08","13592.0","4.25","1.25","3.3"
"2017-11-09","13582.0","4.25","1.25","3.3"
"2017-11-10","13582.0","4.25","1.25","3.3"
"2017-11-13","13623.0","4.25","1.25","3.3"
"2017-11-14","13610.0","4.25","1.25","3.3"
"2017-11-15","13607.0","4.25","1.25","3.3"
"2017-11-16","13606.0","4.25","1.25","3.3"
"2017-11-17","13585.0","4.25","1.25","3.3"
"2017-11-20","13597.0","4.25","1.25","3.3"
"2017-11-21","13612.0","4.25","1.25","3.3"
"2017-11-22","13591.0","4.25","1.25","3.3"
"2017-11-23","13571.0","4.25","1.25","3.3"
"2017-11-24","13574.0","4.25","1.25","3.3"
"2017-11-27","13579.0","4.25","1.25","3.3"
"2017-11-28","13595.0","4.25","1.25","3.3"
"2017-11-29","13583.0","4.25","1.25","3.3"
"2017-11-30","13582.0","4.25","1.25","3.3"
"2017-12-04","13595.0","4.25","1.25","3.61"
"2017-12-05","13583.0","4.25","1.25","3.61"
"2017-12-06","13592.0","4.25","1.25","3.61"
"2017-12-07","13620.0","4.25","1.25","3.61"
"2017-12-08","13624.0","4.25","1.25","3.61"
"2017-12-11","13614.0","4.25","1.25","3.61"
"2017-12-12","13618.0","4.25","1.25","3.61"
"2017-12-13","13657.0","4.25","1.5","3.61"
"2017-12-14","13633.0","4.25","1.5","3.61"
"2017-12-15","13641.0","4.25","1.5","3.61"
"2017-12-18","13652.0","4.25","1.5","3.61"
"2017-12-19","13655.0","4.25","1.5","3.61"
"2017-12-20","13647.0","4.25","1.5","3.61"
"2017-12-21","13613.0","4.25","1.5","3.61"
"2017-12-22","13626.0","4.25","1.5","3.61"
"2017-12-27","13630.0","4.25","1.5","3.61"
"2017-12-28","13628.0","4.25","1.5","3.61"
"2017-12-29","13616.0","4.25","1.5","3.61"
"2017-12-30","13616.0","4.25","1.5","3.61"
"2018-01-02","13610.0","4.25","1.5","3.25"
"2018-01-03","13565.0","4.25","1.5","3.25"
"2018-01-04","13541.0","4.25","1.5","3.25"
"2018-01-05","13472.0","4.25","1.5","3.25"
"2018-01-08","13464.0","4.25","1.5","3.25"
"2018-01-09","13495.0","4.25","1.5","3.25"
"2018-01-10","13516.0","4.25","1.5","3.25"
"2018-01-11","13494.0","4.25","1.5","3.25"
"2018-01-12","13429.0","4.25","1.5","3.25"
"2018-01-15","13397.0","4.25","1.5","3.25"
"2018-01-16","13400.0","4.25","1.5","3.25"
"2018-01-17","13390.0","4.25","1.5","3.25"
"2018-01-18","13432.0","4.25","1.5","3.25"
"2018-01-19","13398.0","4.25","1.5","3.25"
"2018-01-22","13401.0","4.25","1.5","3.25"
"2018-01-23","13385.0","4.25","1.5","3.25"
"2018-01-24","13388.0","4.25","1.5","3.25"
"2018-01-25","13356.0","4.25","1.5","3.25"
"2018-01-26","13370.0","4.25","1.5","3.25"
"2018-01-29","13394.0","4.25","1.5","3.25"
"2018-01-30","13465.0","4.25","1.5","3.25"
"2018-01-31","13480.0","4.25","1.5","3.25"
"2018-02-01","13469.0","4.25","1.5","3.18"
"2018-02-02","13495.0","4.25","1.5","3.18"
"2018-02-05","13565.0","4.25","1.5","3.18"
"2018-02-06","13646.0","4.25","1.5","3.18"
"2018-02-07","13601.0","4.25","1.5","3.18"
"2018-02-08","13670.0","4.25","1.5","3.18"
"2018-02-09","13711.0","4.25","1.5","3.18"
"2018-02-12","13677.0","4.25","1.5","3.18"
"2018-02-13","13712.0","4.25","1.5","3.18"
"2018-02-14","13725.0","4.25","1.5","3.18"
"2018-02-15","13638.0","4.25","1.5","3.18"
"2018-02-19","13609.0","4.25","1.5","3.18"
"2018-02-20","13641.0","4.25","1.5","3.18"
"2018-02-21","13650.0","4.25","1.5","3.18"
"2018-02-22","13733.0","4.25","1.5","3.18"
"2018-02-23","13738.0","4.25","1.5","3.18"
"2018-02-26","13727.0","4.25","1.5","3.18"
"2018-02-27","13718.0","4.25","1.5","3.18"
"2018-02-28","13776.0","4.25","1.5","3.18"
"2018-03-01","13862.0","4.25","1.5","3.18"
"2018-03-02","13815.0","4.25","1.5","3.4"
"2018-03-05","13809.0","4.25","1.5","3.4"
"2018-03-06","13819.0","4.25","1.5","3.4"
"2018-03-07","13832.0","4.25","1.5","3.4"
"2018-03-08","13843.0","4.25","1.5","3.4"
"2018-03-09","13863.0","4.25","1.5","3.4"
"2018-03-12","13837.0","4.25","1.5","3.4"
"2018-03-13","13826.0","4.25","1.5","3.4"
"2018-03-14","13808.0","4.25","1.5","3.4"
"2018-03-15","13817.0","4.25","1.5","3.4"
"2018-03-16","13834.0","4.25","1.5","3.4"
"2018-03-19","13834.0","4.25","1.5","3.4"
"2018-03-20","13830.0","4.25","1.5","3.4"
"2018-03-21","13828.0","4.25","1.75","3.4"
"2018-03-22","13806.0","4.25","1.75","3.4"
"2018-03-23","13849.0","4.25","1.75","3.4"
"2018-03-26","13845.0","4.25","1.75","3.4"
"2018-03-27","13777.0","4.25","1.75","3.4"
"2018-03-28","13814.0","4.25","1.75","3.4"
"2018-03-29","13825.0","4.25","1.75","3.4"
"2018-04-02","13819.0","4.25","1.75","3.41"
"2018-04-03","13834.0","4.25","1.75","3.41"
"2018-04-04","13829.0","4.25","1.75","3.41"
"2018-04-05","13836.0","4.25","1.75","3.41"
"2018-04-06","13840.0","4.25","1.75","3.41"
"2018-04-09","13840.0","4.25","1.75","3.41"
"2018-04-10","13828.0","4.25","1.75","3.41"
"2018-04-11","13816.0","4.25","1.75","3.41"
"2018-04-12","13832.0","4.25","1.75","3.41"
"2018-04-13","13822.0","4.25","1.75","3.41"
"2018-04-16","13835.0","4.25","1.75","3.41"
"2018-04-17","13839.0","4.25","1.75","3.41"
"2018-04-18","13839.0","4.25","1.75","3.41"
"2018-04-19","13847.0","4.25","1.75","3.41"
"2018-04-20","13873.0","4.25","1.75","3.41"
"2018-04-23","13963.0","4.25","1.75","3.41"
"2018-04-24","13970.0","4.25","1.75","3.41"
"2018-04-25","13957.0","4.25","1.75","3.41"
"2018-04-26","14000.0","4.25","1.75","3.41"
"2018-04-27","13948.0","4.25","1.75","3.41"
"2018-04-30","13946.0","4.25","1.75","3.41"
"2018-05-02","14006.0","4.25","1.75","3.23"
"2018-05-03","14035.0","4.25","1.75","3.23"
"2018-05-04","14013.0","4.25","1.75","3.23"
"2018-05-07","14026.0","4.25","1.75","3.23"
"2018-05-08","14106.0","4.25","1.75","3.23"
"2018-05-09","14144.0","4.25","1.75","3.23"
"2018-05-11","14118.0","4.25","1.75","3.23"
"2018-05-14","14046.0","4.25","1.75","3.23"
"2018-05-15","14090.0","4.25","1.75","3.23"
"2018-05-16","14164.0","4.25","1.75","3.23"
"2018-05-17","14144.0","4.5","1.75","3.23"
"2018-05-18","14178.0","4.5","1.75","3.23"
"2018-05-21","14247.0","4.5","1.75","3.23"
"2018-05-22","14249.0","4.5","1.75","3.23"
"2018-05-23","14263.0","4.5","1.75","3.23"
"2018-05-24","14276.0","4.5","1.75","3.23"
"2018-05-25","14237.0","4.5","1.75","3.23"
"2018-05-28","14135.0","4.5","1.75","3.23"
"2018-05-30","14102.0","4.75","1.75","3.23"
"2018-05-31","14021.0","4.75","1.75","3.23"
"2018-06-04","13941.0","4.75","1.75","3.12"
"2018-06-05","13956.0","4.75","1.75","3.12"
"2018-06-06","13944.0","4.75","1.75","3.12"
"2018-06-07","13937.0","4.75","1.75","3.12"
"2018-06-08","13972.0","4.75","1.75","3.12"
"2018-06-19","13972.0","4.75","2.0","3.12"
"2018-06-20","13972.0","4.75","2.0","3.12"
"2018-06-21","14160.0","4.75","2.0","3.12"
"2018-06-22","14173.0","4.75","2.0","3.12"
"2018-06-25","14176.0","4.75","2.0","3.12"
"2018-06-26","14234.0","4.75","2.0","3.12"
"2018-06-27","14234.0","4.75","2.0","3.12"
"2018-06-28","14342.0","4.75","2.0","3.12"
"2018-06-29","14476.0","5.25","2.0","3.18"
"2018-07-02","14403.0","5.25","2.0","3.18"
"2018-07-03","14490.0","5.25","2.0","3.18"
"2018-07-04","14415.0","5.25","2.0","3.18"
"2018-07-05","14459.0","5.25","2.0","3.18"
"2018-07-06","14481.0","5.25","2.0","3.18"
"2018-07-09","14404.0","5.25","2.0","3.18"
"2018-07-10","14398.0","5.25","2.0","3.18"
"2018-07-11","14463.0","5.25","2.0","3.18"
"2018-07-12","14507.0","5.25","2.0","3.18"
"2018-07-13","14430.0","5.25","2.0","3.18"
"2018-07-16","14468.0","5.25","2.0","3.18"
"2018-07-17","14463.0","5.25","2.0","3.18"
"2018-07-18","14478.0","5.25","2.0","3.18"
"2018-07-19","14490.0","5.25","2.0","3.18"
"2018-07-20","14593.0","5.25","2.0","3.18"
"2018-07-23","14526.0","5.25","2.0","3.18"
"2018-07-24","14614.0","5.25","2.0","3.18"
"2018-07-25","14588.0","5.25","2.0","3.18"
"2018-07-26","14515.0","5.25","2.0","3.18"
"2018-07-27","14555.0","5.25","2.0","3.18"
"2018-07-30","14481.0","5.25","2.0","3.18"
"2018-07-31","14485.0","5.25","2.0","3.18"
"2018-08-01","14514.0","5.25","2.0","3.2"
"2018-08-02","14518.0","5.25","2.0","3.2"
"2018-08-03","14576.0","5.25","2.0","3.2"
"2018-08-06","14553.0","5.25","2.0","3.2"
"2018-08-07","14557.0","5.25","2.0","3.2"
"2018-08-08","14511.0","5.25","2.0","3.2"
"2018-08-09","14494.0","5.25","2.0","3.2"
"2018-08-10","14509.0","5.25","2.0","3.2"
"2018-08-13","14656.0","5.25","2.0","3.2"
"2018-08-14","14698.0","5.25","2.0","3.2"
"2018-08-15","14694.0","5.5","2.0","3.2"
"2018-08-16","14692.0","5.5","2.0","3.2"
"2018-08-20","14651.0","5.5","2.0","3.2"
"2018-08-21","14641.0","5.5","2.0","3.2"
"2018-08-23","14693.0","5.5","2.0","3.2"
"2018-08-24","14728.0","5.5","2.0","3.2"
"2018-08-27","14683.0","5.5","2.0","3.2"
"2018-08-28","14687.0","5.5","2.0","3.2"
"2018-08-29","14716.0","5.5","2.0","3.2"
"2018-08-30","14728.0","5.5","2.0","3.2"
"2018-08-31","14785.0","5.5","2.0","3.2"
"2018-09-03","14841.0","5.5","2.0","2.88"
"2018-09-04","14914.0","5.5","2.0","2.88"
"2018-09-05","15002.0","5.5","2.0","2.88"
"2018-09-06","14965.0","5.5","2.0","2.88"
"2018-09-07","14958.0","5.5","2.0","2.88"
"2018-09-10","14909.0","5.5","2.0","2.88"
"2018-09-12","14937.0","5.5","2.0","2.88"
"2018-09-13","14868.0","5.5","2.0","2.88"
"2018-09-14","14909.0","5.5","2.0","2.88"
"2018-09-17","14933.0","5.5","2.0","2.88"
"2018-09-18","14983.0","5.5","2.0","2.88"
"2018-09-19","14970.0","5.5","2.0","2.88"
"2018-09-20","14913.0","5.5","2.0","2.88"
"2018-09-21","14898.0","5.5","2.0","2.88"
"2018-09-24","14939.0","5.5","2.0","2.88"
"2018-09-25","14967.0","5.5","2.0","2.88"
"2018-09-26","15013.0","5.5","2.25","2.88"
"2018-09-27","14994.0","5.75","2.25","2.88"
"2018-09-28","15004.0","5.75","2.25","2.88"
"2018-10-01","14980.0","5.75","2.25","3.16"
"2018-10-02","15063.0","5.75","2.25","3.16"
"2018-10-03","15163.0","5.75","2.25","3.16"
"2018-10-04","15209.0","5.75","2.25","3.16"
"2018-10-05","15258.0","5.75","2.25","3.16"
"2018-10-08","15269.0","5.75","2.25","3.16"
"2018-10-09","15309.0","5.75","2.25","3.16"
"2018-10-10","15291.0","5.75","2.25","3.16"
"2018-10-11","15329.0","5.75","2.25","3.16"
"2018-10-12","15270.0","5.75","2.25","3.16"
"2018-10-15","15322.0","5.75","2.25","3.16"
"2018-10-16","15282.0","5.75","2.25","3.16"
"2018-10-17","15254.0","5.75","2.25","3.16"
"2018-10-18","15263.0","5.75","2.25","3.16"
"2018-10-19","15297.0","5.75","2.25","3.16"
"2018-10-22","15268.0","5.75","2.25","3.16"
"2018-10-23","15284.0","5.75","2.25","3.16"
"2018-10-24","15269.0","5.75","2.25","3.16"
"2018-10-25","15286.0","5.75","2.25","3.16"
"2018-10-26","15283.0","5.75","2.25","3.16"
"2018-10-29","15294.0","5.75","2.25","3.16"
"2018-10-30","15313.0","5.75","2.25","3.16"
"2018-10-31","15303.0","5.75","2.25","3.16"
"2018-11-01","15271.0","5.75","2.25","3.23"
"2018-11-02","15164.0","5.75","2.25","3.23"
"2018-11-05","15047.0","5.75","2.25","3.23"
"2018-11-06","14965.0","5.75","2.25","3.23"
"2018-11-07","14838.0","5.75","2.25","3.23"
"2018-11-08","14724.0","5.75","2.25","3.23"
"2018-11-09","14705.0","5.75","2.25","3.23"
"2018-11-12","14821.0","5.75","2.25","3.23"
"2018-11-13","14969.0","5.75","2.25","3.23"
"2018-11-14","14829.0","5.75","2.25","3.23"
"2018-11-15","14838.0","6.0","2.25","3.23"
"2018-11-16","14667.0","6.0","2.25","3.23"
"2018-11-19","14659.0","6.0","2.25","3.23"
"2018-11-21","14691.0","6.0","2.25","3.23"
"2018-11-22","14665.0","6.0","2.25","3.23"
"2018-11-23","14625.0","6.0","2.25","3.23"
"2018-11-26","14624.0","6.0","2.25","3.23"
"2018-11-27","14577.0","6.0","2.25","3.23"
"2018-11-28","14608.0","6.0","2.25","3.23"
"2018-11-29","14480.0","6.0","2.25","3.23"
"2018-11-30","14411.0","6.0","2.25","3.23"
"2018-12-03","14323.0","6.0","2.25","3.13"
"2018-12-04","14364.0","6.0","2.25","3.13"
"2018-12-05","14455.0","6.0","2.25","3.13"
"2018-12-06","14580.0","6.0","2.25","3.13"
"2018-12-07","14612.0","6.0","2.25","3.13"
"2018-12-10","14590.0","6.0","2.25","3.13"
"2018-12-11","14686.0","6.0","2.25","3.13"
"2018-12-12","14650.0","6.0","2.25","3.13"
"2018-12-13","14609.0","6.0","2.25","3.13"
"2018-12-14","14611.0","6.0","2.25","3.13"
"2018-12-17","14690.0","6.0","2.25","3.13"
"2018-12-18","14596.0","6.0","2.25","3.13"
"2018-12-19","14452.0","6.0","2.5","3.13"
"2018-12-20","14571.0","6.0","2.5","3.13"
"2018-12-21","14552.0","6.0","2.5","3.13"
"2018-12-26","14675.0","6.0","2.5","3.13"
"2018-12-27","14636.0","6.0","2.5","3.13"
"2018-12-28","14615.0","6.0","2.5","3.13"
"2018-12-31","14553.0","6.0","2.5","3.13"
"2019-01-02","14537.0","6.0","2.5","2.82"
"2019-01-03","14546.0","6.0","2.5","2.82"
"2019-01-04","14422.0","6.0","2.5","2.82"
"2019-01-07","14176.0","6.0","2.5","2.82"
"2019-01-08","14101.0","6.0","2.5","2.82"
"2019-01-09","14191.0","6.0","2.5","2.82"
"2019-01-10","14163.0","6.0","2.5","2.82"
"2019-01-11","14146.0","6.0","2.5","2.82"
"2019-01-14","14122.0","6.0","2.5","2.82"
"2019-01-15","14154.0","6.0","2.5","2.82"
"2019-01-16","14225.0","6.0","2.5","2.82"
"2019-01-17","14229.0","6.0","2.5","2.82"
"2019-01-18","14253.0","6.0","2.5","2.82"
"2019-01-21","14283.0","6.0","2.5","2.82"
"2019-01-22","14292.0","6.0","2.5","2.82"
"2019-01-23","14259.0","6.0","2.5","2.82"
"2019-01-24","14212.0","6.0","2.5","2.82"
"2019-01-25","14234.0","6.0","2.5","2.82"
"2019-01-28","14108.0","6.0","2.5","2.82"
"2019-01-29","14168.0","6.0","2.5","2.82"
"2019-01-30","14183.0","6.0","2.5","2.82"
"2019-01-31","14142.0","6.0","2.5","2.82"
"2019-02-01","14048.0","6.0","2.5","2.82"
"2019-02-04","14046.0","6.0","2.5","2.57"
"2019-02-06","14017.0","6.0","2.5","2.57"
"2019-02-07","14048.0","6.0","2.5","2.57"
"2019-02-08","14062.0","6.0","2.5","2.57"
"2019-02-11","14065.0","6.0","2.5","2.57"
"2019-02-12","14158.0","6.0","2.5","2.57"
"2019-02-13","14097.0","6.0","2.5","2.57"
"2019-02-14","14163.0","6.0","2.5","2.57"
"2019-02-15","14187.0","6.0","2.5","2.57"
"2019-02-18","14177.0","6.0","2.5","2.57"
"2019-02-19","14190.0","6.0","2.5","2.57"
"2019-02-20","14125.0","6.0","2.5","2.57"
"2019-02-21","14127.0","6.0","2.5","2.57"
"2019-02-22","14149.0","6.0","2.5","2.57"
"2019-02-25","14077.0","6.0","2.5","2.57"
"2019-02-26","14060.0","6.0","2.5","2.57"
"2019-02-27","14074.0","6.0","2.5","2.57"
"2019-02-28","14132.0","6.0","2.5","2.57"
"2019-03-01","14182.0","6.0","2.5","2.48"
"2019-03-04","14220.0","6.0","2.5","2.48"
"2019-03-05","14217.0","6.0","2.5","2.48"
"2019-03-06","14200.0","6.0","2.5","2.48"
"2019-03-08","14294.0","6.0","2.5","2.48"
"2019-03-11","14396.0","6.0","2.5","2.48"
"2019-03-12","14322.0","6.0","2.5","2.48"
"2019-03-13","14340.0","6.0","2.5","2.48"
"2019-03-14","14324.0","6.0","2.5","2.48"
"2019-03-15","14382.0","6.0","2.5","2.48"
"2019-03-18","14313.0","6.0","2.5","2.48"
"2019-03-19","14299.0","6.0","2.5","2.48"
"2019-03-20","14302.0","6.0","2.5","2.48"
"2019-03-21","14173.0","6.0","2.5","2.48"
"2019-03-22","14228.0","6.0","2.5","2.48"
"2019-03-25","14294.0","6.0","2.5","2.48"
"2019-03-26","14242.0","6.0","2.5","2.48"
"2019-03-27","14273.0","6.0","2.5","2.48"
"2019-03-28","14326.0","6.0","2.5","2.48"
"2019-03-29","14315.0","6.0","2.5","2.48"
"2019-04-01","14302.0","6.0","2.5","2.83"
"2019-04-02","14308.0","6.0","2.5","2.83"
"2019-04-04","14253.0","6.0","2.5","2.83"
"2019-04-05","14229.0","6.0","2.5","2.83"
"2019-04-08","14216.0","6.0","2.5","2.83"
"2019-04-09","14221.0","6.0","2.5","2.83"
"2019-04-10","14226.0","6.0","2.5","2.83"
"2019-04-11","14227.0","6.0","2.5","2.83"
"2019-04-12","14224.0","6.0","2.5","2.83"
"2019-04-15","14137.0","6.0","2.5","2.83"
"2019-04-16","14136.0","6.0","2.5","2.83"
"2019-04-18","14086.0","6.0","2.5","2.83"
"2019-04-22","14126.0","6.0","2.5","2.83"
"2019-04-23","14150.0","6.0","2.5","2.83"
"2019-04-24","14183.0","6.0","2.5","2.83"
"2019-04-25","14225.0","6.0","2.5","2.83"
"2019-04-26","14259.0","6.0","2.5","2.83"
"2019-04-29","14259.0","6.0","2.5","2.83"
"2019-04-30","14286.0","6.0","2.5","2.83"
"2019-05-02","14316.0","6.0","2.5","3.32"
"2019-05-03","14353.0","6.0","2.5","3.32"
"2019-05-06","14380.0","6.0","2.5","3.32"
"2019-05-07","14381.0","6.0","2.5","3.32"
"2019-05-08","14377.0","6.0","2.5","3.32"
"2019-05-09","14410.0","6.0","2.5","3.32"
"2019-05-10","14419.0","6.0","2.5","3.32"
"2019-05-13","14434.0","6.0","2.5","3.32"
"2019-05-14","14516.0","6.0","2.5","3.32"
"2019-05-15","14520.0","6.0","2.5","3.32"
"2019-05-16","14530.0","6.0","2.5","3.32"
"2019-05-17","14541.0","6.0","2.5","3.32"
"2019-05-20","14550.0","6.0","2.5","3.32"
"2019-05-21","14534.0","6.0","2.5","3.32"
"2019-05-22","14560.0","6.0","2.5","3.32"
"2019-05-23","14586.0","6.0","2.5","3.32"
"2019-05-24","14523.0","6.0","2.5","3.32"
"2019-05-27","14432.0","6.0","2.5","3.32"
"2019-05-28","14452.0","6.0","2.5","3.32"
"2019-05-29","14489.0","6.0","2.5","3.32"
"2019-05-31","14457.0","6.0","2.5","3.32"
"2019-06-10","14302.0","6.0","2.5","3.28"
"2019-06-11","14329.0","6.0","2.5","3.28"
"2019-06-12","14305.0","6.0","2.5","3.28"
"2019-06-13","14341.0","6.0","2.5","3.28"
"2019-06-14","14376.0","6.0","2.5","3.28"
"2019-06-17","14418.0","6.0","2.5","3.28"
"2019-06-18","14406.0","6.0","2.5","3.28"
"2019-06-19","14342.0","6.0","2.5","3.28"
"2019-06-20","14307.0","6.0","2.5","3.28"
"2019-06-21","14187.0","6.0","2.5","3.28"
"2019-06-24","14236.0","6.0","2.5","3.28"
"2019-06-25","14209.0","6.0","2.5","3.28"
"2019-06-26","14245.0","6.0","2.5","3.28"
"2019-06-27","14251.0","6.0","2.5","3.28"
"2019-06-28","14212.0","6.0","2.5","3.28"
"2019-07-01","14188.0","6.0","2.5","3.32"
"2019-07-02","14211.0","6.0","2.5","3.32"
"2019-07-03","14231.0","6.0","2.5","3.32"
"2019-07-04","14177.0","6.0","2.5","3.32"
"2019-07-05","14219.0","6.0","2.5","3.32"
"2019-07-08","14218.0","6.0","2.5","3.32"
"2019-07-09","14200.0","6.0","2.5","3.32"
"2019-07-10","14223.0","6.0","2.5","3.32"
"2019-07-11","14159.0","6.0","2.5","3.32"
"2019-07-12","14155.0","6.0","2.5","3.32"
"2019-07-15","14040.0","6.0","2.5","3.32"
"2019-07-16","13995.0","6.0","2.5","3.32"
"2019-07-17","14019.0","6.0","2.5","3.32"
"2019-07-18","14046.0","5.75","2.5","3.32"
"2019-07-19","13983.0","5.75","2.5","3.32"
"2019-07-22","14033.0","5.75","2.5","3.32"
"2019-07-23","14043.0","5.75","2.5","3.32"
"2019-07-24","14081.0","5.75","2.5","3.32"
"2019-07-25","14056.0","5.75","2.5","3.32"
"2019-07-26","14071.0","5.75","2.5","3.32"
"2019-07-29","14080.0","5.75","2.5","3.32"
"2019-07-30","14104.0","5.75","2.5","3.32"
"2019-07-31","14096.0","5.75","2.25","3.32"
"2019-08-01","14168.0","5.75","2.25","3.49"
"2019-08-02","14274.0","5.75","2.25","3.49"
"2019-08-05","14302.0","5.75","2.25","3.49"
"2019-08-06","14416.0","5.75","2.25","3.49"
"2019-08-07","14346.0","5.75","2.25","3.49"
"2019-08-08","14302.0","5.75","2.25","3.49"
"2019-08-09","14266.0","5.75","2.25","3.49"
"2019-08-12","14291.0","5.75","2.25","3.49"
"2019-08-13","14354.0","5.75","2.25","3.49"
"2019-08-14","14305.0","5.75","2.25","3.49"
"2019-08-15","14367.0","5.75","2.25","3.49"
"2019-08-16","14329.0","5.75","2.25","3.49"
"2019-08-19","14274.0","5.75","2.25","3.49"
"2019-08-20","14333.0","5.75","2.25","3.49"
"2019-08-21","14330.0","5.75","2.25","3.49"
"2019-08-22","14305.0","5.5","2.25","3.49"
"2019-08-23","14320.0","5.5","2.25","3.49"
"2019-08-26","14332.0","5.5","2.25","3.49"
"2019-08-27","14306.0","5.5","2.25","3.49"
"2019-08-28","14334.0","5.5","2.25","3.49"
"2019-08-29","14325.0","5.5","2.25","3.49"
"2019-08-30","14308.0","5.5","2.25","3.49"
"2019-09-02","14261.0","5.5","2.25","3.39"
"2019-09-03","14288.0","5.5","2.25","3.39"
"2019-09-04","14289.0","5.5","2.25","3.39"
"2019-09-05","14224.0","5.5","2.25","3.39"
"2019-09-06","14211.0","5.5","2.25","3.39"
"2019-09-09","14162.0","5.5","2.25","3.39"
"2019-09-10","14101.0","5.5","2.25","3.39"
"2019-09-11","14133.0","5.5","2.25","3.39"
"2019-09-12","14122.0","5.5","2.25","3.39"
"2019-09-13","14020.0","5.5","2.25","3.39"
"2019-09-16","14090.0","5.5","2.25","3.39"
"2019-09-17","14171.0","5.5","2.25","3.39"
"2019-09-18","14150.0","5.5","2.0","3.39"
"2019-09-19","14169.0","5.25","2.0","3.39"
"2019-09-20","14155.0","5.25","2.0","3.39"
"2019-09-23","14147.0","5.25","2.0","3.39"
"2019-09-24","14169.0","5.25","2.0","3.39"
"2019-09-25","14205.0","5.25","2.0","3.39"
"2019-09-26","14233.0","5.25","2.0","3.39"
"2019-09-27","14268.0","5.25","2.0","3.39"
"2019-09-30","14245.0","5.25","2.0","3.39"
"2019-10-01","14267.0","5.25","2.0","3.13"
"2019-10-02","14278.0","5.25","2.0","3.13"
"2019-10-03","14264.0","5.25","2.0","3.13"
"2019-10-04","14206.0","5.25","2.0","3.13"
"2019-10-07","14227.0","5.25","2.0","3.13"
"2019-10-08","14241.0","5.25","2.0","3.13"
"2019-10-09","14253.0","5.25","2.0","3.13"
"2019-10-10","14228.0","5.25","2.0","3.13"
"2019-10-11","14210.0","5.25","2.0","3.13"
"2019-10-14","14196.0","5.25","2.0","3.13"
"2019-10-15","14210.0","5.25","2.0","3.13"
"2019-10-16","14257.0","5.25","2.0","3.13"
"2019-10-17","14242.0","5.25","2.0","3.13"
"2019-10-18","14210.0","5.25","2.0","3.13"
"2019-10-21","14202.0","5.25","2.0","3.13"
"2019-10-22","14128.0","5.25","2.0","3.13"
"2019-10-23","14121.0","5.25","2.0","3.13"
"2019-10-24","14065.0","5.0","2.0","3.13"
"2019-10-25","14134.0","5.0","2.0","3.13"
"2019-10-28","14093.0","5.0","2.0","3.13"
"2019-10-29","14098.0","5.0","2.0","3.13"
"2019-10-30","14114.0","5.0","1.75","3.13"
"2019-10-31","14078.0","5.0","1.75","3.13"
"2019-11-01","14136.0","5.0","1.75","3.0"
"2019-11-04","14072.0","5.0","1.75","3.0"
"2019-11-05","14101.0","5.0","1.75","3.0"
"2019-11-06","14061.0","5.0","1.75","3.0"
"2019-11-07","14110.0","5.0","1.75","3.0"
"2019-11-08","14090.0","5.0","1.75","3.0"
"2019-11-11","14110.0","5.0","1.75","3.0"
"2019-11-12","14129.0","5.0","1.75","3.0"
"2019-11-13","14152.0","5.0","1.75","3.0"
"2019-11-14","14168.0","5.0","1.75","3.0"
"2019-11-15","14139.0","5.0","1.75","3.0"
"2019-11-18","14145.0","5.0","1.75","3.0"
"2019-11-19","14161.0","5.0","1.75","3.0"
"2019-11-20","14167.0","5.0","1.75","3.0"
"2019-11-21","14182.0","5.0","1.75","3.0"
"2019-11-22","14170.0","5.0","1.75","3.0"
"2019-11-25","14161.0","5.0","1.75","3.0"
"2019-11-26","14151.0","5.0","1.75","3.0"
"2019-11-27","14166.0","5.0","1.75","3.0"
"2019-11-28","14169.0","5.0","1.75","3.0"
"2019-11-29","14172.0","5.0","1.75","3.0"
"2019-12-02","14192.0","5.0","1.75","2.72"
"2019-12-03","14200.0","5.0","1.75","2.72"
"2019-12-04","14195.0","5.0","1.75","2.72"
"2019-12-05","14164.0","5.0","1.75","2.72"
"2019-12-06","14107.0","5.0","1.75","2.72"
"2019-12-09","14091.0","5.0","1.75","2.72"
"2019-12-10","14074.0","5.0","1.75","2.72"
"2019-12-11","14095.0","5.0","1.75","2.72"
"2019-12-12","14112.0","5.0","1.75","2.72"
"2019-12-13","14051.0","5.0","1.75","2.72"
"2019-12-16","14074.0","5.0","1.75","2.72"
"2019-12-17","14088.0","5.0","1.75","2.72"
"2019-12-18","14077.0","5.0","1.75","2.72"
"2019-12-19","14052.0","5.0","1.75","2.72"
"2019-12-20","14062.0","5.0","1.75","2.72"
"2019-12-23","14047.0","5.0","1.75","2.72"
"2019-12-26","14051.0","5.0","1.75","2.72"
"2019-12-27","14025.0","5.0","1.75","2.72"
"2019-12-30","14014.0","5.0","1.75","2.72"
"2019-12-31","13970.0","5.0","1.75","2.72"
"2020-01-02","13964.0","5.0","1.75","2.68"
"2020-01-03","13968.0","5.0","1.75","2.68"
"2020-01-06","14030.0","5.0","1.75","2.68"
"2020-01-07","13988.0","5.0","1.75","2.68"
"2020-01-08","14003.0","5.0","1.75","2.68"
"2020-01-09","13929.0","5.0","1.75","2.68"
"2020-01-10","13881.0","5.0","1.75","2.68"
"2020-01-13","13776.0","5.0","1.75","2.68"
"2020-01-14","13722.0","5.0","1.75","2.68"
"2020-01-15","13774.0","5.0","1.75","2.68"
"2020-01-16","13726.0","5.0","1.75","2.68"
"2020-01-17","13716.0","5.0","1.75","2.68"
"2020-01-20","13722.0","5.0","1.75","2.68"
"2020-01-21","13726.0","5.0","1.75","2.68"
"2020-01-22","13746.0","5.0","1.75","2.68"
"2020-01-23","13694.0","5.0","1.75","2.68"
"2020-01-24","13700.0","5.0","1.75","2.68"
"2020-01-27","13680.0","5.0","1.75","2.68"
"2020-01-28","13715.0","5.0","1.75","2.68"
"2020-01-29","13702.0","5.0","1.75","2.68"
"2020-01-30","13720.0","5.0","1.75","2.68"
"2020-01-31","13730.0","5.0","1.75","2.68"
"2020-02-03","13794.0","5.0","1.75","2.98"
"2020-02-04","13828.0","5.0","1.75","2.98"
"2020-02-05","13785.0","5.0","1.75","2.98"
"2020-02-06","13730.0","5.0","1.75","2.98"
"2020-02-07","13715.0","5.0","1.75","2.98"
"2020-02-10","13776.0","5.0","1.75","2.98"
"2020-02-11","13754.0","5.0","1.75","2.98"
"2020-02-12","13727.0","5.0","1.75","2.98"
"2020-02-13","13747.0","5.0","1.75","2.98"
"2020-02-14","13775.0","5.0","1.75","2.98"
"2020-02-17","13761.0","5.0","1.75","2.98"
"2020-02-18","13744.0","5.0","1.75","2.98"
"2020-02-19","13785.0","5.0","1.75","2.98"
"2020-02-20","13803.0","4.75","1.75","2.98"
"2020-02-21","13845.0","4.75","1.75","2.98"
"2020-02-24","13932.0","4.75","1.75","2.98"
"2020-02-25","13962.0","4.75","1.75","2.98"
"2020-02-26","14035.0","4.75","1.75","2.98"
"2020-02-27","14088.0","4.75","1.75","2.98"
"2020-02-28","14305.0","4.75","1.75","2.98"
"2020-03-02","14485.0","4.75","1.75","2.96"
"2020-03-03","14293.0","4.75","1.25","2.96"
"2020-03-04","14241.0","4.75","1.25","2.96"
"2020-03-05","14238.0","4.75","1.25","2.96"
"2020-03-06","14338.0","4.75","1.25","2.96"
"2020-03-09","14413.0","4.75","1.25","2.96"
"2020-03-10","14483.0","4.75","1.25","2.96"
"2020-03-11","14394.0","4.75","1.25","2.96"
"2020-03-12","14562.0","4.75","1.25","2.96"
"2020-03-13","14889.0","4.75","1.25","2.96"
"2020-03-16","14892.0","4.75","0.25","2.96"
"2020-03-17","15158.0","4.75","0.25","2.96"
"2020-03-18","15299.0","4.75","0.25","2.96"
"2020-03-19","15790.0","4.5","0.25","2.96"
"2020-03-20","16354.0","4.5","0.25","2.96"
"2020-03-23","16691.0","4.5","0.25","2.96"
"2020-03-24","16568.0","4.5","0.25","2.96"
"2020-03-26","16409.0","4.5","0.25","2.96"
"2020-03-27","16311.0","4.5","0.25","2.96"
"2020-03-30","16417.0","4.5","0.25","2.96"
"2020-03-31","16448.0","4.5","0.25","2.96"
"2020-04-01","16495.0","4.5","0.25","2.67"
"2020-04-02","16824.0","4.5","0.25","2.67"
"2020-04-03","16546.0","4.5","0.25","2.67"
"2020-04-06","16638.0","4.5","0.25","2.67"
"2020-04-07","16492.0","4.5","0.25","2.67"
"2020-04-08","16326.0","4.5","0.25","2.67"
"2020-04-09","16322.0","4.5","0.25","2.67"
"2020-04-13","15919.0","4.5","0.25","2.67"
"2020-04-14","15800.0","4.5","0.25","2.67"
"2020-04-15","15785.0","4.5","0.25","2.67"
"2020-04-16","15865.0","4.5","0.25","2.67"
"2020-04-17","15580.0","4.5","0.25","2.67"
"2020-04-20","15620.0","4.5","0.25","2.67"
"2020-04-21","15721.0","4.5","0.25","2.67"
"2020-04-22","15644.0","4.5","0.25","2.67"
"2020-04-23","15708.0","4.5","0.25","2.67"
"2020-04-24","15630.0","4.5","0.25","2.67"
"2020-04-27","15668.0","4.5","0.25","2.67"
"2020-04-28","15565.0","4.5","0.25","2.67"
"2020-04-29","15492.0","4.5","0.25","2.67"
"2020-04-30","15232.0","4.5","0.25","2.67"
"2020-05-04","15148.0","4.5","0.25","2.19"
"2020-05-05","15179.0","4.5","0.25","2.19"
"2020-05-06","15202.0","4.5","0.25","2.19"
"2020-05-08","15084.0","4.5","0.25","2.19"
"2020-05-11","15010.0","4.5","0.25","2.19"
"2020-05-12","15052.0","4.5","0.25","2.19"
"2020-05-13","14961.0","4.5","0.25","2.19"
"2020-05-14","15020.0","4.5","0.25","2.19"
"2020-05-15","14983.0","4.5","0.25","2.19"
"2020-05-18","14959.0","4.5","0.25","2.19"
"2020-05-19","14897.0","4.5","0.25","2.19"
"2020-05-20","14858.0","4.5","0.25","2.19"
"2020-05-26","14847.0","4.5","0.25","2.19"
"2020-05-27","14834.0","4.5","0.25","2.19"
"2020-05-28","14842.0","4.5","0.25","2.19"
"2020-05-29","14806.0","4.5","0.25","2.19"
"2020-06-02","14574.0","4.5","0.25","1.96"
"2020-06-03","14316.0","4.5","0.25","1.96"
"2020-06-04","14235.0","4.5","0.25","1.96"
"2020-06-05","14170.0","4.5","0.25","1.96"
"2020-06-08","14025.0","4.5","0.25","1.96"
"2020-06-09","14042.0","4.5","0.25","1.96"
"2020-06-10","14153.0","4.5","0.25","1.96"
"2020-06-11","14084.0","4.5","0.25","1.96"
"2020-06-12","14328.0","4.5","0.25","1.96"
"2020-06-15","14299.0","4.5","0.25","1.96"
"2020-06-16","14225.0","4.5","0.25","1.96"
"2020-06-17","14305.0","4.5","0.25","1.96"
"2020-06-18","14256.0","4.25","0.25","1.96"
"2020-06-19","14313.0","4.25","0.25","1.96"
"2020-06-22","14280.0","4.25","0.25","1.96"
"2020-06-23","14336.0","4.25","0.25","1.96"
"2020-06-24","14230.0","4.25","0.25","1.96"
"2020-06-25","14302.0","4.25","0.25","1.96"
"2020-06-26","14310.0","4.25","0.25","1.96"
"2020-06-29","14440.0","4.25","0.25","1.96"
"2020-06-30","14373.0","4.25","0.25","1.96"
"2020-07-01","14412.0","4.25","0.25","1.54"
"2020-07-02","14588.0","4.25","0.25","1.54"
"2020-07-03","14638.0","4.25","0.25","1.54"
"2020-07-06","14619.0","4.25","0.25","1.54"
"2020-07-07","14528.0","4.25","0.25","1.54"
"2020-07-08","14532.0","4.25","0.25","1.54"
"2020-07-09","14518.0","4.25","0.25","1.54"
"2020-07-10","14573.0","4.25","0.25","1.54"
"2020-07-13","14558.0","4.25","0.25","1.54"
"2020-07-14","14584.0","4.25","0.25","1.54"
"2020-07-15","14689.0","4.25","0.25","1.54"
"2020-07-16","14705.0","4.0","0.25","1.54"
"2020-07-17","14853.0","4.0","0.25","1.54"
"2020-07-20","14906.0","4.0","0.25","1.54"
"2020-07-21","14887.0","4.0","0.25","1.54"
"2020-07-22","14728.0","4.0","0.25","1.54"
"2020-07-23","14742.0","4.0","0.25","1.54"
"2020-07-24","14687.0","4.0","0.25","1.54"
"2020-07-27","14678.0","4.0","0.25","1.54"
"2020-07-28","14615.0","4.0","0.25","1.54"
"2020-07-29","14642.0","4.0","0.25","1.54"
"2020-07-30","14726.0","4.0","0.25","1.54"
"2020-08-03","14786.0","4.0","0.25","1.32"
"2020-08-04","14770.0","4.0","0.25","1.32"
"2020-08-05","14696.0","4.0","0.25","1.32"
"2020-08-06","14659.0","4.0","0.25","1.32"
"2020-08-07","14720.0","4.0","0.25","1.32"
"2020-08-10","14823.0","4.0","0.25","1.32"
"2020-08-11","14801.0","4.0","0.25","1.32"
"2020-08-12","14850.0","4.0","0.25","1.32"
"2020-08-13","14951.0","4.0","0.25","1.32"
"2020-08-14","14991.0","4.0","0.25","1.32"
"2020-08-18","14981.0","4.0","0.25","1.32"
"2020-08-19","14859.0","4.0","0.25","1.32"
"2020-08-24","14867.0","4.0","0.25","1.32"
"2020-08-25","14705.0","4.0","0.25","1.32"
"2020-08-26","14709.0","4.0","0.25","1.32"
"2020-08-27","14787.0","4.0","0.25","1.32"
"2020-08-28","14775.0","4.0","0.25","1.32"
"2020-08-31","14626.0","4.0","0.25","1.32"
"2020-09-01","14688.0","4.0","0.25","1.42"
"2020-09-02","14878.0","4.0","0.25","1.42"
"2020-09-03","14892.0","4.0","0.25","1.42"
"2020-09-04","14865.0","4.0","0.25","1.42"
"2020-09-07","14827.0","4.0","0.25","1.42"
"2020-09-08","14871.0","4.0","0.25","1.42"
"2020-09-09","14927.0","4.0","0.25","1.42"
"2020-09-10","14945.0","4.0","0.25","1.42"
"2020-09-11","15053.0","4.0","0.25","1.42"
"2020-09-14","15048.0","4.0","0.25","1.42"
"2020-09-15","14944.0","4.0","0.25","1.42"
"2020-09-16","14918.0","4.0","0.25","1.42"
"2020-09-17","14952.0","4.0","0.25","1.42"
"2020-09-18","14841.0","4.0","0.25","1.42"
"2020-09-21","14796.0","4.0","0.25","1.42"
"2020-09-22","14855.0","4.0","0.25","1.42"
"2020-09-23","14909.0","4.0","0.25","1.42"
"2020-09-24","15023.0","4.0","0.25","1.42"
"2020-09-25","15025.0","4.0","0.25","1.42"
"2020-09-28","15033.0","4.0","0.25","1.42"
"2020-09-29","14994.0","4.0","0.25","1.42"
"2020-09-30","14992.0","4.0","0.25","1.42"
"2020-10-01","14950.0","4.0","0.25","1.44"
"2020-10-02","14964.0","4.0","0.25","1.44"
"2020-10-05","14941.0","4.0","0.25","1.44"
"2020-10-06","14785.0","4.0","0.25","1.44"
"2020-10-07","14857.0","4.0","0.25","1.44"
"2020-10-08","14823.0","4.0","0.25","1.44"
"2020-10-09","14810.0","4.0","0.25","1.44"
"2020-10-12","14819.0","4.0","0.25","1.44"
"2020-10-13","14866.0","4.0","0.25","1.44"
"2020-10-14","14853.0","4.0","0.25","1.44"
"2020-10-15","14833.0","4.0","0.25","1.44"
"2020-10-16","14839.0","4.0","0.25","1.44"
"2020-10-19","14814.0","4.0","0.25","1.44"
"2020-10-20","14802.0","4.0","0.25","1.44"
"2020-10-21","14731.0","4.0","0.25","1.44"
"2020-10-22","14770.0","4.0","0.25","1.44"
"2020-10-23","14811.0","4.0","0.25","1.44"
"2020-10-26","14770.0","4.0","0.25","1.44"
"2020-10-27","14763.0","4.0","0.25","1.44"
"2020-10-28","14763.0","4.0","0.25","1.44"
"2020-10-29","14763.0","4.0","0.25","1.44"
"2020-10-30","14763.0","4.0","0.25","1.44"
"2020-11-02","14791.0","4.0","0.25","1.59"
"2020-11-03","14682.0","4.0","0.25","1.59"
"2020-11-04","14629.0","4.0","0.25","1.59"
"2020-11-05","14511.0","4.0","0.25","1.59"
"2020-11-06","14392.0","4.0","0.25","1.59"
"2020-11-09","14242.0","4.0","0.25","1.59"
"2020-11-10","14085.0","4.0","0.25","1.59"
"2020-11-11","14146.0","4.0","0.25","1.59"
"2020-11-12","14257.0","4.0","0.25","1.59"
"2020-11-13","14293.0","4.0","0.25","1.59"
"2020-11-16","14209.0","4.0","0.25","1.59"
"2020-11-17","14143.0","4.0","0.25","1.59"
"2020-11-18","14188.0","4.0","0.25","1.59"
"2020-11-19","14237.0","3.75","0.25","1.59"
"2020-11-20","14299.0","3.75","0.25","1.59"
"2020-11-23","14234.0","3.75","0.25","1.59"
"2020-11-24","14266.0","3.75","0.25","1.59"
"2020-11-25","14239.0","3.75","0.25","1.59"
"2020-11-26","14200.0","3.75","0.25","1.59"
"2020-11-27","14215.0","3.75","0.25","1.59"
"2020-11-30","14198.0","3.75","0.25","1.59"
"2020-12-01","14248.0","3.75","0.25","1.68"
"2020-12-02","14234.0","3.75","0.25","1.68"
"2020-12-03","14247.0","3.75","0.25","1.68"
"2020-12-04","14252.0","3.75","0.25","1.68"
"2020-12-07","14205.0","3.75","0.25","1.68"
"2020-12-08","14234.0","3.75","0.25","1.68"
"2020-12-09","14234.0","3.75","0.25","1.68"
"2020-12-10","14200.0","3.75","0.25","1.68"
"2020-12-11","14172.0","3.75","0.25","1.68"
"2020-12-14","14228.0","3.75","0.25","1.68"
"2020-12-15","14241.0","3.75","0.25","1.68"
"2020-12-16","14221.0","3.75","0.25","1.68"
"2020-12-17","14222.0","3.75","0.25","1.68"
"2020-12-18","14216.0","3.75","0.25","1.68"
"2020-12-21","14250.0","3.75","0.25","1.68"
"2020-12-22","14289.0","3.75","0.25","1.68"
"2020-12-23","14353.0","3.75","0.25","1.68"
"2020-12-24","14353.0","3.75","0.25","1.68"
"2020-12-25","14353.0","3.75","0.25","1.68"
"2020-12-28","14254.0","3.75","0.25","1.68"
"2020-12-29","14239.0","3.75","0.25","1.68"
"2020-12-30","14175.0","3.75","0.25","1.68"
"2020-12-31","14175.0","3.75","0.25","1.68"
"2021-01-04","13972.0","3.75","0.25","1.55"
"2021-01-05","14014.0","3.75","0.25","1.55"
"2021-01-06","13995.0","3.75","0.25","1.55"
"2021-01-07","14007.0","3.75","0.25","1.55"
"2021-01-08","14128.0","3.75","0.25","1.55"
"2021-01-11","14225.0","3.75","0.25","1.55"
"2021-01-12","14302.0","3.75","0.25","1.55"
"2021-01-13","14179.0","3.75","0.25","1.55"
"2021-01-14","14189.0","3.75","0.25","1.55"
"2021-01-15","14138.0","3.75","0.25","1.55"
"2021-01-18","14150.0","3.75","0.25","1.55"
"2021-01-19","14156.0","3.75","0.25","1.55"
"2021-01-20","14135.0","3.75","0.25","1.55"
"2021-01-21","14109.0","3.75","0.25","1.55"
"2021-01-22","14124.0","3.75","0.25","1.55"
"2021-01-25","14152.0","3.75","0.25","1.55"
"2021-01-26","14156.0","3.75","0.25","1.55"
"2021-01-27","14161.0","3.75","0.25","1.55"
"2021-01-28","14189.0","3.75","0.25","1.55"
"2021-01-29","14154.0","3.75","0.25","1.55"
"2021-02-01","14112.0","3.75","0.25","1.38"
"2021-02-02","14114.0","3.75","0.25","1.38"
"2021-02-03","14087.0","3.75","0.25","1.38"
"2021-02-04","14106.0","3.75","0.25","1.38"
"2021-02-05","14132.0","3.75","0.25","1.38"
"2021-02-08","14070.0","3.75","0.25","1.38"
"2021-02-09","14070.0","3.75","0.25","1.38"
"2021-02-10","14058.0","3.75","0.25","1.38"
"2021-02-11","14081.0","3.75","0.25","1.38"
"2021-02-12","14081.0","3.75","0.25","1.38"
"2021-02-15","14015.0","3.75","0.25","1.38"
"2021-02-16","13944.0","3.75","0.25","1.38"
"2021-02-17","14089.0","3.75","0.25","1.38"
"2021-02-18","14129.0","3.5","0.25","1.38"
"2021-02-19","14155.0","3.5","0.25","1.38"
"2021-02-22","14168.0","3.5","0.25","1.38"
"2021-02-23","14196.0","3.5","0.25","1.38"
"2021-02-24","14159.0","3.5","0.25","1.38"
"2021-02-25","14174.0","3.5","0.25","1.38"
"2021-02-26","14300.0","3.5","0.25","1.38"
"2021-03-01","14371.0","3.5","0.25","1.37"
"2021-03-02","14378.0","3.5","0.25","1.37"
"2021-03-03","14405.0","3.5","0.25","1.37"
"2021-03-04","14370.0","3.5","0.25","1.37"
"2021-03-05","14442.0","3.5","0.25","1.37"
"2021-03-08","14461.0","3.5","0.25","1.37"
"2021-03-09","14540.0","3.5","0.25","1.37"
"2021-03-10","14493.0","3.5","0.25","1.37"
"2021-03-11","14493.0","3.5","0.25","1.37"
"2021-03-12","14442.0","3.5","0.25","1.37"
"2021-03-15","14490.0","3.5","0.25","1.37"
"2021-03-16","14496.0","3.5","0.25","1.37"
"2021-03-17","14531.0","3.5","0.25","1.37"
"2021-03-18","14484.0","3.5","0.25","1.37"
"2021-03-19","14548.0","3.5","0.25","1.37"
"2021-03-22","14528.0","3.5","0.25","1.37"
"2021-03-23","14493.0","3.5","0.25","1.37"
"2021-03-24","14527.0","3.5","0.25","1.37"
"2021-03-25","14536.0","3.5","0.25","1.37"
"2021-03-26","14518.0","3.5","0.25","1.37"
"2021-03-29","14506.0","3.5","0.25","1.37"
"2021-03-30","14553.0","3.5","0.25","1.37"
"2021-03-31","14644.0","3.5","0.25","1.37"
"2021-04-01","14649.0","3.5","0.25","1.42"
"2021-04-02","14649.0","3.5","0.25","1.42"
"2021-04-05","14656.0","3.5","0.25","1.42"
"2021-04-06","14605.0","3.5","0.25","1.42"
"2021-04-07","14591.0","3.5","0.25","1.42"
"2021-04-08","14585.0","3.5","0.25","1.42"
"2021-04-09","14652.0","3.5","0.25","1.42"
"2021-04-12","14652.0","3.5","0.25","1.42"
"2021-04-13","14704.0","3.5","0.25","1.42"
"2021-04-14","14721.0","3.5","0.25","1.42"
"2021-04-15","14706.0","3.5","0.25","1.42"
"2021-04-16","14719.0","3.5","0.25","1.42"
"2021-04-19","14664.0","3.5","0.25","1.42"
"2021-04-20","14640.0","3.5","0.25","1.42"
"2021-04-21","14580.0","3.5","0.25","1.42"
"2021-04-22","14621.0","3.5","0.25","1.42"
"2021-04-23","14602.0","3.5","0.25","1.42"
"2021-04-26","14620.0","3.5","0.25","1.42"
"2021-04-27","14561.0","3.5","0.25","1.42"
"2021-04-28","14569.0","3.5","0.25","1.42"
"2021-04-29","14582.0","3.5","0.25","1.42"
"2021-04-30","14540.0","3.5","0.25","1.42"
"2021-05-03","14525.0","3.5","0.25","1.68"
"2021-05-04","14539.0","3.5","0.25","1.68"
"2021-05-05","14503.0","3.5","0.25","1.68"
"2021-05-06","14511.0","3.5","0.25","1.68"
"2021-05-07","14435.0","3.5","0.25","1.68"
"2021-05-10","14360.0","3.5","0.25","1.68"
"2021-05-11","14268.0","3.5","0.25","1.68"
"2021-05-12","14268.0","3.5","0.25","1.68"
"2021-05-13","14268.0","3.5","0.25","1.68"
"2021-05-14","14268.0","3.5","0.25","1.68"
"2021-05-17","14274.0","3.5","0.25","1.68"
"2021-05-18","14355.0","3.5","0.25","1.68"
"2021-05-19","14371.0","3.5","0.25","1.68"
"2021-05-20","14384.0","3.5","0.25","1.68"
"2021-05-21","14467.0","3.5","0.25","1.68"
"2021-05-24","14446.0","3.5","0.25","1.68"
"2021-05-25","14433.0","3.5","0.25","1.68"
"2021-05-26","14433.0","3.5","0.25","1.68"
"2021-05-27","14406.0","3.5","0.25","1.68"
"2021-05-28","14383.0","3.5","0.25","1.68"
"2021-05-31","14381.0","3.5","0.25","1.68"
"2021-06-01","14381.0","3.5","0.25","1.33"
"2021-06-02","14363.0","3.5","0.25","1.33"
"2021-06-03","14347.0","3.5","0.25","1.33"
"2021-06-04","14368.0","3.5","0.25","1.33"
"2021-06-07","14387.0","3.5","0.25","1.33"
"2021-06-08","14342.0","3.5","0.25","1.33"
"2021-06-09","14333.0","3.5","0.25","1.33"
"2021-06-10","14333.0","3.5","0.25","1.33"
"2021-06-11","14311.0","3.5","0.25","1.33"
"2021-06-14","14277.0","3.5","0.25","1.33"
"2021-06-15","14293.0","3.5","0.25","1.33"
"2021-06-16","14315.0","3.5","0.25","1.33"
"2021-06-17","14328.0","3.5","0.25","1.33"
"2021-06-18","14449.0","3.5","0.25","1.33"
"2021-06-21","14475.0","3.5","0.25","1.33"
"2021-06-22","14525.0","3.5","0.25","1.33"
"2021-06-23","14493.0","3.5","0.25","1.33"
"2021-06-24","14526.0","3.5","0.25","1.33"
"2021-06-25","14534.0","3.5","0.25","1.33"
"2021-06-28","14519.0","3.5","0.25","1.33"
"2021-06-29","14544.0","3.5","0.25","1.33"
"2021-06-30","14568.0","3.5","0.25","1.33"
"2021-07-01","14614.0","3.5","0.25","1.52"
"2021-07-02","14611.0","3.5","0.25","1.52"
"2021-07-05","14636.0","3.5","0.25","1.52"
"2021-07-06","14554.0","3.5","0.25","1.52"
"2021-07-07","14540.0","3.5","0.25","1.52"
"2021-07-08","14572.0","3.5","0.25","1.52"
"2021-07-09","14620.0","3.5","0.25","1.52"
"2021-07-12","14620.0","3.5","0.25","1.52"
"2021-07-13","14558.0","3.5","0.25","1.52"
"2021-07-14","14558.0","3.5","0.25","1.52"
"2021-07-15","14565.0","3.5","0.25","1.52"
"2021-07-16","14575.0","3.5","0.25","1.52"
"2021-07-19","14589.0","3.5","0.25","1.52"
"2021-07-21","14596.0","3.5","0.25","1.52"
"2021-07-22","14626.0","3.5","0.25","1.52"
"2021-07-23","14580.0","3.5","0.25","1.52"
"2021-07-26","14573.0","3.5","0.25","1.52"
"2021-07-27","14566.0","3.5","0.25","1.52"
"2021-07-28","14561.0","3.5","0.25","1.52"
"2021-07-29","14570.0","3.5","0.25","1.52"
"2021-07-30","14563.0","3.5","0.25","1.52"
"2021-08-02","14534.0","3.5","0.25","1.59"
"2021-08-03","14528.0","3.5","0.25","1.59"
"2021-08-04","14433.0","3.5","0.25","1.59"
"2021-08-05","14395.0","3.5","0.25","1.59"
"2021-08-06","14413.0","3.5","0.25","1.59"
"2021-08-09","14440.0","3.5","0.25","1.59"
"2021-08-10","14449.0","3.5","0.25","1.59"
"2021-08-12","14468.0","3.5","0.25","1.59"
"2021-08-13","14460.0","3.5","0.25","1.59"
"2021-08-16","14459.0","3.5","0.25","1.59"
"2021-08-18","14454.0","3.5","0.25","1.59"
"2021-08-19","14455.0","3.5","0.25","1.59"
"2021-08-20","14486.0","3.5","0.25","1.59"
"2021-08-23","14536.0","3.5","0.25","1.59"
"2021-08-24","14487.0","3.5","0.25","1.59"
"2021-08-25","14462.0","3.5","0.25","1.59"
"2021-08-26","14480.0","3.5","0.25","1.59"
"2021-08-27","14495.0","3.5","0.25","1.59"
"2021-08-30","14503.0","3.5","0.25","1.59"
"2021-08-31","14445.0","3.5","0.25","1.6"
"2021-09-01","14377.0","3.5","0.25","1.6"
"2021-09-02","14355.0","3.5","0.25","1.6"
"2021-09-03","14352.0","3.5","0.25","1.6"
"2021-09-06","14332.0","3.5","0.25","1.6"
"2021-09-07","14310.0","3.5","0.25","1.6"
"2021-09-08","14265.0","3.5","0.25","1.6"
"2021-09-09","14337.0","3.5","0.25","1.6"
"2021-09-10","14343.0","3.5","0.25","1.6"
"2021-09-13","14296.0","3.5","0.25","1.6"
"2021-09-14","14331.0","3.5","0.25","1.6"
"2021-09-15","14328.0","3.5","0.25","1.6"
"2021-09-16","14323.0","3.5","0.25","1.6"
"2021-09-17","14309.0","3.5","0.25","1.6"
"2021-09-20","14304.0","3.5","0.25","1.6"
"2021-09-21","14322.0","3.5","0.25","1.6"
"2021-09-22","14315.0","3.5","0.25","1.6"
"2021-09-23","14320.0","3.5","0.25","1.6"
"2021-09-24","14327.0","3.5","0.25","1.6"
"2021-09-27","14321.0","3.5","0.25","1.6"
"2021-09-28","14329.0","3.5","0.25","1.6"
"2021-09-29","14340.0","3.5","0.25","1.6"
"2021-09-30","14378.0","3.5","0.25","1.6"
"2021-10-01","14392.0","3.5","0.25","1.66"
"2021-10-04","14386.0","3.5","0.25","1.66"
"2021-10-05","14347.0","3.5","0.25","1.66"
"2021-10-06","14331.0","3.5","0.25","1.66"
"2021-10-07","14316.0","3.5","0.25","1.66"
"2021-10-08","14309.0","3.5","0.25","1.66"
"2021-10-11","14296.0","3.5","0.25","1.66"
"2021-10-12","14281.0","3.5","0.25","1.66"
"2021-10-13","14288.0","3.5","0.25","1.66"
"2021-10-14","14292.0","3.5","0.25","1.66"
"2021-10-15","14225.0","3.5","0.25","1.66"
"2021-10-18","14154.0","3.5","0.25","1.66"
"2021-10-19","14166.0","3.5","0.25","1.66"
"2021-10-21","14150.0","3.5","0.25","1.66"
"2021-10-22","14203.0","3.5","0.25","1.66"
"2021-10-25","14232.0","3.5","0.25","1.66"
"2021-10-26","14253.0","3.5","0.25","1.66"
"2021-10-27","14235.0","3.5","0.25","1.66"
"2021-10-28","14254.0","3.5","0.25","1.66"
"2021-10-29","14270.0","3.5","0.25","1.66"
"2021-11-01","14241.0","3.5","0.25","1.75"
"2021-11-02","14306.0","3.5","0.25","1.75"
"2021-11-03","14332.0","3.5","0.25","1.75"
"2021-11-04","14372.0","3.5","0.25","1.75"
"2021-11-05","14398.0","3.5","0.25","1.75"
"2021-11-08","14445.0","3.5","0.25","1.75"
"2021-11-09","14339.0","3.5","0.25","1.75"
"2021-11-10","14304.0","3.5","0.25","1.75"
"2021-11-11","14324.0","3.5","0.25","1.75"
"2021-11-12","14359.0","3.5","0.25","1.75"
"2021-11-15","14314.0","3.5","0.25","1.75"
"2021-11-16","14277.0","3.5","0.25","1.75"
"2021-11-17","14282.0","3.5","0.25","1.75"
"2021-11-18","14330.0","3.5","0.25","1.75"
"2021-11-19","14302.0","3.5","0.25","1.75"
"2021-11-22","14308.0","3.5","0.25","1.75"
"2021-11-23","14326.0","3.5","0.25","1.75"
"2021-11-24","14343.0","3.5","0.25","1.75"
"2021-11-25","14343.0","3.5","0.25","1.75"
"2021-11-26","14351.0","3.5","0.25","1.75"
"2021-11-29","14351.0","3.5","0.25","1.75"
"2021-11-30","14411.0","3.5","0.25","1.75"
"2021-12-01","14391.0","3.5","0.25","1.87"
"2021-12-02","14424.0","3.5","0.25","1.87"
"2021-12-03","14449.0","3.5","0.25","1.87"
"2021-12-06","14480.0","3.5","0.25","1.87"
"2021-12-07","14513.0","3.5","0.25","1.87"
"2021-12-08","14480.0","3.5","0.25","1.87"
"2021-12-09","14419.0","3.5","0.25","1.87"
"2021-12-10","14422.0","3.5","0.25","1.87"
"2021-12-13","14449.0","3.5","0.25","1.87"
"2021-12-14","14417.0","3.5","0.25","1.87"
"2021-12-15","14419.0","3.5","0.25","1.87"
"2021-12-16","14408.0","3.5","0.25","1.87"
"2021-12-17","14414.0","3.5","0.25","1.87"
"2021-12-20","14414.0","3.5","0.25","1.87"
"2021-12-21","14455.0","3.5","0.25","1.87"
"2021-12-22","14420.0","3.5","0.25","1.87"
"2021-12-23","14335.0","3.5","0.25","1.87"
"2021-12-24","14322.0","3.5","0.25","1.87"
"2021-12-27","14290.0","3.5","0.25","1.87"
"2021-12-28","14296.0","3.5","0.25","1.87"
"2021-12-29","14308.0","3.5","0.25","1.87"
"2021-12-30","14336.0","3.5","0.25","1.87"
"2021-12-31","14340.0","3.5","0.25","1.87"
"2022-01-03","14349.0","3.5","0.25","2.18"
"2022-01-04","14341.0","3.5","0.25","2.18"
"2022-01-05","14381.0","3.5","0.25","2.18"
"2022-01-06","14436.0","3.5","0.25","2.18"
"2022-01-07","14467.0","3.5","0.25","2.18"
"2022-01-10","14431.0","3.5","0.25","2.18"
"2022-01-11","14394.0","3.5","0.25","2.18"
"2022-01-12","14370.0","3.5","0.25","2.18"
"2022-01-13","14373.0","3.5","0.25","2.18"
"2022-01-14","14382.0","3.5","0.25","2.18"
"2022-01-17","14381.0","3.5","0.25","2.18"
"2022-01-18","14394.0","3.5","0.25","2.18"
"2022-01-19","14396.0","3.5","0.25","2.18"
"2022-01-20","14441.0","3.5","0.25","2.18"
"2022-01-21","14425.0","3.5","0.25","2.18"
"2022-01-24","14418.0","3.5","0.25","2.18"
"2022-01-25","14398.0","3.5","0.25","2.18"
"2022-01-26","14429.0","3.5","0.25","2.18"
"2022-01-27","14417.0","3.5","0.25","2.18"
"2022-01-28","14456.0","3.5","0.25","2.18"
"2022-01-31","14452.0","3.5","0.25","2.18"
"2022-02-02","14463.0","3.5","0.25","2.06"
"2022-02-03","14418.0","3.5","0.25","2.06"
"2022-02-04","14452.0","3.5","0.25","2.06"
"2022-02-07","14447.0","3.5","0.25","2.06"
"2022-02-08","14476.0","3.5","0.25","2.06"
"2022-02-09","14456.0","3.5","0.25","2.06"
"2022-02-10","14437.0","3.5","0.25","2.06"
"2022-02-11","14415.0","3.5","0.25","2.06"
"2022-02-14","14430.0","3.5","0.25","2.06"
"2022-02-15","14409.0","3.5","0.25","2.06"
"2022-02-16","14363.0","3.5","0.25","2.06"
"2022-02-17","14349.0","3.5","0.25","2.06"
"2022-02-18","14372.0","3.5","0.25","2.06"
"2022-02-21","14410.0","3.5","0.25","2.06"
"2022-02-22","14400.0","3.5","0.25","2.06"
"2022-02-23","14433.0","3.5","0.25","2.06"
"2022-02-24","14426.0","3.5","0.25","2.06"
"2022-02-25","14442.0","3.5","0.25","2.06"
"2022-03-01","14440.0","3.5","0.25","2.64"
"2022-03-02","14421.0","3.5","0.25","2.64"
"2022-03-04","14444.0","3.5","0.25","2.64"
"2022-03-07","14454.0","3.5","0.25","2.64"
"2022-03-08","14483.0","3.5","0.25","2.64"
"2022-03-09","14465.0","3.5","0.25","2.64"
"2022-03-10","14442.0","3.5","0.25","2.64"
"2022-03-11","14369.0","3.5","0.25","2.64"
"2022-03-14","14377.0","3.5","0.25","2.64"
"2022-03-15","14399.0","3.5","0.25","2.64"
"2022-03-16","14392.0","3.5","0.5","2.64"
"2022-03-17","14382.0","3.5","0.5","2.64"
"2022-03-18","14361.0","3.5","0.5","2.64"
"2022-03-21","14411.0","3.5","0.5","2.64"
"2022-03-22","14412.0","3.5","0.5","2.64"
"2022-03-23","14429.0","3.5","0.5","2.64"
"2022-03-24","14422.0","3.5","0.5","2.64"
"2022-03-25","14432.0","3.5","0.5","2.64"
"2022-03-28","14412.0","3.5","0.5","2.64"
"2022-03-29","14431.0","3.5","0.5","2.64"
"2022-03-30","14435.0","3.5","0.5","2.64"
"2022-03-31","14420.0","3.5","0.5","2.64"
"2022-04-01","14428.0","3.5","0.5","3.55"
"2022-04-04","14435.0","3.5","0.5","3.55"
"2022-04-05","14433.0","3.5","0.5","3.55"
"2022-04-06","14419.0","3.5","0.5","3.55"
"2022-04-07","14435.0","3.5","0.5","3.55"
"2022-04-08","14430.0","3.5","0.5","3.55"
"2022-04-11","14436.0","3.5","0.5","3.55"
"2022-04-12","14441.0","3.5","0.5","3.55"
"2022-04-13","14435.0","3.5","0.5","3.55"
"2022-04-14","14430.0","3.5","0.5","3.55"
"2022-04-18","14420.0","3.5","0.5","3.55"
"2022-04-19","14427.0","3.5","0.5","3.55"
"2022-04-20","14418.0","3.5","0.5","3.55"
"2022-04-21","14422.0","3.5","0.5","3.55"
"2022-04-22","14419.0","3.5","0.5","3.55"
"2022-04-25","14432.0","3.5","0.5","3.55"
"2022-04-26","14524.0","3.5","0.5","3.55"
"2022-04-27","14484.0","3.5","0.5","3.55"
"2022-04-28","14490.0","3.5","0.5","3.55"
"2022-05-09","14552.0","3.5","1.0","3.55"
"2022-05-10","14606.0","3.5","1.0","3.55"
"2022-05-11","14618.0","3.5","1.0","3.55"
"2022-05-12","14618.0","3.5","1.0","3.55"
"2022-05-13","14657.0","3.5","1.0","3.55"
"2022-05-17","14692.0","3.5","1.0","3.55"
"2022-05-18","14724.0","3.5","1.0","3.55"
"2022-05-19","14755.0","3.5","1.0","3.55"
"2022-05-20","14804.0","3.5","1.0","3.55"
"2022-05-23","14734.0","3.5","1.0","3.55"
"2022-05-24","14738.0","3.5","1.0","3.55"
"2022-05-25","14726.0","3.5","1.0","3.55"
"2022-05-27","14718.0","3.5","1.0","3.55"
"2022-05-30","14650.0","3.5","1.0","3.55"
"2022-05-31","14616.0","3.5","1.0","3.55"
"2022-06-02","14664.0","3.5","1.0","4.35"
"2022-06-03","14598.0","3.5","1.0","4.35"
"2022-06-06","14503.0","3.5","1.0","4.35"
"2022-06-07","14534.0","3.5","1.0","4.35"
"2022-06-08","14536.0","3.5","1.0","4.35"
"2022-06-09","14549.0","3.5","1.0","4.35"
"2022-06-10","14627.0","3.5","1.0","4.35"
"2022-06-13","14641.0","3.5","1.0","4.35"
"2022-06-14","14745.0","3.5","1.0","4.35"
"2022-06-15","14802.0","3.5","1.75","4.35"
"2022-06-16","14819.0","3.5","1.75","4.35"
"2022-06-17","14814.0","3.5","1.75","4.35"
"2022-06-20","14902.0","3.5","1.75","4.35"
"2022-06-21","14910.0","3.5","1.75","4.35"
"2022-06-22","14878.0","3.5","1.75","4.35"
"2022-06-23","14934.0","3.5","1.75","4.35"
"2022-06-24","14909.0","3.5","1.75","4.35"
"2022-06-27","14920.0","3.5","1.75","4.35"
"2022-06-28","14876.0","3.5","1.75","4.35"
"2022-06-29","14911.0","3.5","1.75","4.35"
"2022-06-30","14922.0","3.5","1.75","4.35"
"2022-07-01","14956.0","3.5","1.75","4.94"
"2022-07-04","15030.0","3.5","1.75","4.94"
"2022-07-05","15034.0","3.5","1.75","4.94"
"2022-07-06","15064.0","3.5","1.75","4.94"
"2022-07-07","15090.0","3.5","1.75","4.94"
"2022-07-08","15060.0","3.5","1.75","4.94"
"2022-07-11","15055.0","3.5","1.75","4.94"
"2022-07-12","15043.0","3.5","1.75","4.94"
"2022-07-13","15067.0","3.5","1.75","4.94"
"2022-07-14","15059.0","3.5","1.75","4.94"
"2022-07-15","15074.0","3.5","1.75","4.94"
"2022-07-18","15074.0","3.5","1.75","4.94"
"2022-07-19","15060.0","3.5","1.75","4.94"
"2022-07-20","15066.0","3.5","1.75","4.94"
"2022-07-21","15058.0","3.5","1.75","4.94"
"2022-07-22","15092.0","3.5","1.75","4.94"
"2022-07-25","15099.0","3.5","1.75","4.94"
"2022-07-26","15066.0","3.5","1.75","4.94"
"2022-07-27","15058.0","3.5","2.5","4.94"
"2022-07-28","15095.0","3.5","2.5","4.94"
"2022-07-29","15032.0","3.5","2.5","4.94"
"2022-08-01","14934.0","3.5","2.5","4.69"
"2022-08-02","14948.0","3.5","2.5","4.69"
"2022-08-03","14962.0","3.5","2.5","4.69"
"2022-08-04","14991.0","3.5","2.5","4.69"
"2022-08-05","15003.0","3.5","2.5","4.69"
"2022-08-08","14978.0","3.5","2.5","4.69"
"2022-08-09","14989.0","3.5","2.5","4.69"
"2022-08-10","14936.0","3.5","2.5","4.69"
"2022-08-11","14949.0","3.5","2.5","4.69"
"2022-08-12","14873.0","3.5","2.5","4.69"
"2022-08-15","14761.0","3.5","2.5","4.69"
"2022-08-16","14800.0","3.5","2.5","4.69"
"2022-08-18","14840.0","3.5","2.5","4.69"
"2022-08-19","14896.0","3.5","2.5","4.69"
"2022-08-22","14932.0","3.5","2.5","4.69"
"2022-08-23","14956.0","3.75","2.5","4.69"
"2022-08-24","14967.0","3.75","2.5","4.69"
"2022-08-25","14925.0","3.75","2.5","4.69"
"2022-08-26","14901.0","3.75","2.5","4.69"
"2022-08-29","14888.0","3.75","2.5","4.69"
"2022-08-30","14961.0","3.75","2.5","4.69"
"2022-08-31","14949.0","3.75","2.5","4.69"
"2022-09-01","14927.0","3.75","2.5","4.69"
"2022-09-02","14958.0","3.75","2.5","5.95"
"2022-09-05","14974.0","3.75","2.5","5.95"
"2022-09-06","14994.0","3.75","2.5","5.95"
"2022-09-07","14959.0","3.75","2.5","5.95"
"2022-09-08","15001.0","3.75","2.5","5.95"
"2022-09-09","14979.0","3.75","2.5","5.95"
"2022-09-12","14920.0","3.75","2.5","5.95"
"2022-09-13","14913.0","3.75","2.5","5.95"
"2022-09-14","14935.0","3.75","2.5","5.95"
"2022-09-15","14997.0","3.75","2.5","5.95"
"2022-09-16","14973.0","3.75","2.5","5.95"
"2022-09-19","15013.0","3.75","2.5","5.95"
"2022-09-20","15054.0","3.75","2.5","5.95"
"2022-09-21","15049.0","3.75","3.25","5.95"
"2022-09-22","15086.0","4.25","3.25","5.95"
"2022-09-23","15108.0","4.25","3.25","5.95"
"2022-09-26","15110.0","4.25","3.25","5.95"
"2022-09-27","15194.0","4.25","3.25","5.95"
"2022-09-28","15230.0","4.25","3.25","5.95"
"2022-09-29","15319.0","4.25","3.25","5.95"
"2022-09-30","15323.0","4.25","3.25","5.95"
"2022-10-03","15308.0","4.25","3.25","5.71"
"2022-10-04","15369.0","4.25","3.25","5.71"
"2022-10-05","15352.0","4.25","3.25","5.71"
"2022-10-06","15271.0","4.25","3.25","5.71"
"2022-10-07","15272.0","4.25","3.25","5.71"
"2022-10-10","15322.0","4.25","3.25","5.71"
"2022-10-11","15375.0","4.25","3.25","5.71"
"2022-10-12","15438.0","4.25","3.25","5.71"
"2022-10-13","15449.0","4.25","3.25","5.71"
"2022-10-14","15433.0","4.25","3.25","5.71"
"2022-10-17","15466.0","4.25","3.25","5.71"
"2022-10-18","15557.0","4.25","3.25","5.71"
"2022-10-19","15546.0","4.25","3.25","5.71"
"2022-10-20","15568.0","4.75","3.25","5.71"
"2022-10-21","15656.0","4.75","3.25","5.71"
"2022-10-24","15688.0","4.75","3.25","5.71"
"2022-10-25","15667.0","4.75","3.25","5.71"
"2022-10-26","15694.0","4.75","3.25","5.71"
"2022-10-27","15673.0","4.75","3.25","5.71"
"2022-10-28","15650.0","4.75","3.25","5.71"
"2022-10-31","15619.0","4.75","3.25","5.71"
"2022-11-01","15673.0","4.75","3.25","5.42"
"2022-11-02","15725.0","4.75","4.0","5.42"
"2022-11-03","15730.0","4.75","4.0","5.42"
"2022-11-04","15759.0","4.75","4.0","5.42"
"2022-11-07","15814.0","4.75","4.0","5.42"
"2022-11-08","15770.0","4.75","4.0","5.42"
"2022-11-09","15762.0","4.75","4.0","5.42"
"2022-11-10","15732.0","4.75","4.0","5.42"
"2022-11-11","15779.0","4.75","4.0","5.42"
"2022-11-14","15570.0","4.75","4.0","5.42"
"2022-11-15","15576.0","4.75","4.0","5.42"
"2022-11-16","15641.0","4.75","4.0","5.42"
"2022-11-17","15688.0","5.25","4.0","5.42"
"2022-11-18","15765.0","5.25","4.0","5.42"
"2022-11-21","15770.0","5.25","4.0","5.42"
"2022-11-22","15785.0","5.25","4.0","5.42"
"2022-11-23","15794.0","5.25","4.0","5.42"
"2022-11-24","15778.0","5.25","4.0","5.42"
"2022-11-25","15725.0","5.25","4.0","5.42"
"2022-11-28","15746.0","5.25","4.0","5.42"
"2022-11-29","15807.0","5.25","4.0","5.42"
"2022-11-30","15815.0","5.25","4.0","5.42"
"2022-12-01","15820.0","5.25","4.0","5.51"
"2022-12-02","15695.0","5.25","4.0","5.51"
"2022-12-05","15506.0","5.25","4.0","5.51"
"2022-12-06","15486.0","5.25","4.0","5.51"
"2022-12-07","15653.0","5.25","4.0","5.51"
"2022-12-08","15697.0","5.25","4.0","5.51"
"2022-12-09","15702.0","5.25","4.0","5.51"
"2022-12-12","15664.0","5.25","4.0","5.51"
"2022-12-13","15720.0","5.25","4.0","5.51"
"2022-12-14","15739.0","5.25","4.5","5.51"
"2022-12-15","15697.0","5.25","4.5","5.51"
"2022-12-16","15708.0","5.25","4.5","5.51"
"2022-12-19","15695.0","5.25","4.5","5.51"
"2022-12-20","15699.0","5.25","4.5","5.51"
"2022-12-21","15686.0","5.25","4.5","5.51"
"2022-12-22","15679.0","5.5","4.5","5.51"
"2022-12-23","15671.0","5.5","4.5","5.51"
"2022-12-26","15683.0","5.5","4.5","5.51"
"2022-12-27","15714.0","5.5","4.5","5.51"
"2022-12-28","15737.0","5.5","4.5","5.51"
"2022-12-29","15781.0","5.5","4.5","5.51"
"2022-12-30","15809.0","5.5","4.5","5.51"
"2023-01-02","15669.0","5.5","4.5","5.28"
"2023-01-03","15649.0","5.5","4.5","5.28"
"2023-01-04","15667.0","5.5","4.5","5.28"
"2023-01-05","15693.0","5.5","4.5","5.28"
"2023-01-06","15688.0","5.5","4.5","5.28"
"2023-01-09","15713.0","5.5","4.5","5.28"
"2023-01-10","15651.0","5.5","4.5","5.28"
"2023-01-11","15666.0","5.5","4.5","5.28"
"2023-01-12","15604.0","5.5","4.5","5.28"
"2023-01-13","15442.0","5.5","4.5","5.28"
"2023-01-16","15252.0","5.5","4.5","5.28"
"2023-01-17","15094.0","5.5","4.5","5.28"
"2023-01-18","15229.0","5.5","4.5","5.28"
"2023-01-19","15212.0","5.75","4.5","5.28"
"2023-01-20","15188.0","5.75","4.5","5.28"
"2023-01-24","15196.0","5.75","4.5","5.28"
"2023-01-25","15004.0","5.75","4.5","5.28"
"2023-01-26","15032.0","5.75","4.5","5.28"
"2023-01-27","15038.0","5.75","4.5","5.28"
"2023-01-30","15052.0","5.75","4.5","5.28"
"2023-01-31","15053.0","5.75","4.5","5.28"
"2023-02-01","15066.0","5.75","4.75","5.47"
"2023-02-02","15065.0","5.75","4.75","5.47"
"2023-02-03","14942.0","5.75","4.75","5.47"
"2023-02-06","14972.0","5.75","4.75","5.47"
"2023-02-07","15130.0","5.75","4.75","5.47"
"2023-02-08","15214.0","5.75","4.75","5.47"
"2023-02-09","15197.0","5.75","4.75","5.47"
"2023-02-10","15195.0","5.75","4.75","5.47"
"2023-02-13","15215.0","5.75","4.75","5.47"
"2023-02-14","15292.0","5.75","4.75","5.47"
"2023-02-15","15243.0","5.75","4.75","5.47"
"2023-02-16","15269.0","5.75","4.75","5.47"
"2023-02-17","15251.0","5.75","4.75","5.47"
"2023-02-20","15275.0","5.75","4.75","5.47"
"2023-02-21","15243.0","5.75","4.75","5.47"
"2023-02-22","15254.0","5.75","4.75","5.47"
"2023-02-23","15294.0","5.75","4.75","5.47"
"2023-02-24","15262.0","5.75","4.75","5.47"
"2023-02-27","15292.0","5.75","4.75","5.47"
"2023-02-28","15350.0","5.75","4.75","5.47"
"2023-03-01","15316.0","5.75","4.75","4.97"
"2023-03-02","15326.0","5.75","4.75","4.97"
"2023-03-03","15349.0","5.75","4.75","4.97"
"2023-03-06","15382.0","5.75","4.75","4.97"
"2023-03-07","15377.0","5.75","4.75","4.97"
"2023-03-08","15435.0","5.75","4.75","4.97"
"2023-03-09","15528.0","5.75","4.75","4.97"
"2023-03-10","15515.0","5.75","4.75","4.97"
"2023-03-13","15545.0","5.75","4.75","4.97"
"2023-03-14","15450.0","5.75","4.75","4.97"
"2023-03-15","15456.0","5.75","4.75","4.97"
"2023-03-16","15441.0","5.75","4.75","4.97"
"2023-03-17","15495.0","5.75","4.75","4.97"
"2023-03-20","15440.0","5.75","4.75","4.97"
"2023-03-21","15448.0","5.75","4.75","4.97"
"2023-03-24","15425.0","5.75","5.0","4.97"
"2023-03-27","15264.0","5.75","5.0","4.97"
"2023-03-28","15249.0","5.75","5.0","4.97"
"2023-03-29","15163.0","5.75","5.0","4.97"
"2023-03-30","15169.0","5.75","5.0","4.97"
"2023-03-31","15137.0","5.75","5.0","4.97"
"2023-04-03","15051.0","5.75","5.0","4.33"
"2023-04-04","15064.0","5.75","5.0","4.33"
"2023-04-05","14987.0","5.75","5.0","4.33"
"2023-04-06","15007.0","5.75","5.0","4.33"
"2023-04-10","15017.0","5.75","5.0","4.33"
"2023-04-11","14979.0","5.75","5.0","4.33"
"2023-04-12","14962.0","5.75","5.0","4.33"
"2023-04-13","14940.0","5.75","5.0","4.33"
"2023-04-14","14865.0","5.75","5.0","4.33"
"2023-04-17","14739.0","5.75","5.0","4.33"
"2023-04-18","14846.0","5.75","5.0","4.33"
"2023-04-26","14929.0","5.75","5.0","4.33"
"2023-04-27","14956.0","5.75","5.0","4.33"
"2023-04-28","14824.0","5.75","5.0","4.33"
"2023-05-02","14734.0","5.75","5.0","4.0"
"2023-05-03","14776.0","5.75","5.25","4.0"
"2023-05-04","14779.0","5.75","5.25","4.0"
"2023-05-05","14705.0","5.75","5.25","4.0"
"2023-05-08","14747.0","5.75","5.25","4.0"
"2023-05-09","14782.0","5.75","5.25","4.0"
"2023-05-10","14830.0","5.75","5.25","4.0"
"2023-05-11","14819.0","5.75","5.25","4.0"
"2023-05-12","14795.0","5.75","5.25","4.0"
"2023-05-15","14825.0","5.75","5.25","4.0"
"2023-05-16","14886.0","5.75","5.25","4.0"
"2023-05-17","14884.0","5.75","5.25","4.0"
"2023-05-19","14949.0","5.75","5.25","4.0"
"2023-05-22","15010.0","5.75","5.25","4.0"
"2023-05-23","14971.0","5.75","5.25","4.0"
"2023-05-24","14952.0","5.75","5.25","4.0"
"2023-05-25","14979.0","5.75","5.25","4.0"
"2023-05-26","15026.0","5.75","5.25","4.0"
"2023-05-29","15033.0","5.75","5.25","4.0"
"2023-05-30","15047.0","5.75","5.25","4.0"
"2023-05-31","15043.0","5.75","5.25","4.0"
"2023-06-05","15078.0","5.75","5.25","3.52"
"2023-06-06","14962.0","5.75","5.25","3.52"
"2023-06-07","14913.0","5.75","5.25","3.52"
"2023-06-08","14949.0","5.75","5.25","3.52"
"2023-06-09","14977.0","5.75","5.25","3.52"
"2023-06-12","14927.0","5.75","5.25","3.52"
"2023-06-13","14948.0","5.75","5.25","3.52"
"2023-06-14","14942.0","5.75","5.25","3.52"
"2023-06-15","14969.0","5.75","5.25","3.52"
"2023-06-16","15017.0","5.75","5.25","3.52"
"2023-06-19","15019.0","5.75","5.25","3.52"
"2023-06-20","15068.0","5.75","5.25","3.52"
"2023-06-21","15115.0","5.75","5.25","3.52"
"2023-06-22","15056.0","5.75","5.25","3.52"
"2023-06-23","14992.0","5.75","5.25","3.52"
"2023-06-26","15072.0","5.75","5.25","3.52"
"2023-06-27","15101.0","5.75","5.25","3.52"
"2023-07-03","15075.0","5.75","5.25","3.08"
"2023-07-04","15109.0","5.75","5.25","3.08"
"2023-07-05","15093.0","5.75","5.25","3.08"
"2023-07-06","15088.0","5.75","5.25","3.08"
"2023-07-07","15137.0","5.75","5.25","3.08"
"2023-07-10","15211.0","5.75","5.25","3.08"
"2023-07-11","15267.0","5.75","5.25","3.08"
"2023-07-12","15237.0","5.75","5.25","3.08"
"2023-07-13","15159.0","5.75","5.25","3.08"
"2023-07-14","15052.0","5.75","5.25","3.08"
"2023-07-17","15019.0","5.75","5.25","3.08"
"2023-07-18","15082.0","5.75","5.25","3.08"
"2023-07-20","15068.0","5.75","5.25","3.08"
"2023-07-21","15065.0","5.75","5.25","3.08"
"2023-07-24","15101.0","5.75","5.25","3.08"
"2023-07-25","15103.0","5.75","5.25","3.08"
"2023-07-26","15082.0","5.75","5.5","3.08"
"2023-07-27","15107.0","5.75","5.5","3.08"
"2023-07-28","15078.0","5.75","5.5","3.08"
"2023-07-31","15158.0","5.75","5.5","3.08"
"2023-08-01","15167.0","5.75","5.5","3.27"
"2023-08-02","15192.0","5.75","5.5","3.27"
"2023-08-03","15246.0","5.75","5.5","3.27"
"2023-08-04","15273.0","5.75","5.5","3.27"
"2023-08-07","15243.0","5.75","5.5","3.27"
"2023-08-08","15253.0","5.75","5.5","3.27"
"2023-08-09","15305.0","5.75","5.5","3.27"
"2023-08-10","15282.0","5.75","5.5","3.27"
"2023-08-11","15280.0","5.75","5.5","3.27"
"2023-08-14","15301.0","5.75","5.5","3.27"
"2023-08-15","15399.0","5.75","5.5","3.27"
"2023-08-16","15422.0","5.75","5.5","3.27"
"2023-08-18","15384.0","5.75","5.5","3.27"
"2023-08-21","15384.0","5.75","5.5","3.27"
"2023-08-22","15405.0","5.75","5.5","3.27"
"2023-08-23","15402.0","5.75","5.5","3.27"
"2023-08-24","15395.0","5.75","5.5","3.27"
"2023-08-25","15329.0","5.75","5.5","3.27"
"2023-08-28","15373.0","5.75","5.5","3.27"
"2023-08-29","15370.0","5.75","5.5","3.27"
"2023-08-30","15339.0","5.75","5.5","3.27"
"2023-08-31","15315.0","5.75","5.5","3.27"
"2023-09-01","15313.0","5.75","5.5","2.28"
"2023-09-04","15328.0","5.75","5.5","2.28"
"2023-09-05","15323.0","5.75","5.5","2.28"
"2023-09-06","15336.0","5.75","5.5","2.28"
"2023-09-07","15383.0","5.75","5.5","2.28"
"2023-09-08","15410.0","5.75","5.5","2.28"
"2023-09-11","15417.0","5.75","5.5","2.28"
"2023-09-12","15428.0","5.75","5.5","2.28"
"2023-09-13","15420.0","5.75","5.5","2.28"
"2023-09-14","15443.0","5.75","5.5","2.28"
"2023-09-15","15433.0","5.75","5.5","2.28"
"2023-09-18","15443.0","5.75","5.5","2.28"
"2023-09-19","15449.0","5.75","5.5","2.28"
"2023-09-20","15457.0","5.75","5.5","2.28"
"2023-09-21","15472.0","5.75","5.5","2.28"
"2023-09-22","15473.0","5.75","5.5","2.28"
"2023-09-25","15459.0","5.75","5.5","2.28"
"2023-09-26","15476.0","5.75","5.5","2.28"
"2023-09-27","15541.0","5.75","5.5","2.28"
"2023-09-29","15603.0","5.75","5.5","2.28"
"2023-10-02","15564.0","5.75","5.5","2.56"
"2023-10-03","15596.0","5.75","5.5","2.56"
"2023-10-04","15678.0","5.75","5.5","2.56"
"2023-10-05","15714.0","5.75","5.5","2.56"
"2023-10-06","15679.0","5.75","5.5","2.56"
"2023-10-09","15706.0","5.75","5.5","2.56"
"2023-10-10","15753.0","5.75","5.5","2.56"
"2023-10-11","15786.0","5.75","5.5","2.56"
"2023-10-12","15788.0","5.75","5.5","2.56"
"2023-10-13","15780.0","5.75","5.5","2.56"
"2023-10-16","15787.0","5.75","5.5","2.56"
"2023-10-17","15794.0","5.75","5.5","2.56"
"2023-10-18","15796.0","5.75","5.5","2.56"
"2023-10-19","15809.0","6.0","5.5","2.56"
"2023-10-20","15917.0","6.0","5.5","2.56"
"2023-10-23","15935.0","6.0","5.5","2.56"
"2023-10-24","16022.0","6.0","5.5","2.56"
"2023-10-25","15948.0","6.0","5.5","2.56"
"2023-10-26","15950.0","6.0","5.5","2.56"
"2023-10-27","16012.0","6.0","5.5","2.56"
"2023-10-30","16020.0","6.0","5.5","2.56"
"2023-10-31","15995.0","6.0","5.5","2.56"
"2023-11-01","15976.0","6.0","5.5","2.86"
"2023-11-02","16025.0","6.0","5.5","2.86"
"2023-11-03","15940.0","6.0","5.5","2.86"
"2023-11-06","15849.0","6.0","5.5","2.86"
"2023-11-07","15627.0","6.0","5.5","2.86"
"2023-11-08","15670.0","6.0","5.5","2.86"
"2023-11-09","15707.0","6.0","5.5","2.86"
"2023-11-10","15727.0","6.0","5.5","2.86"
"2023-11-13","15771.0","6.0","5.5","2.86"
"2023-11-14","15791.0","6.0","5.5","2.86"
"2023-11-15","15777.0","6.0","5.5","2.86"
"2023-11-16","15580.0","6.0","5.5","2.86"
"2023-11-17","15672.0","6.0","5.5","2.86"
"2023-11-20","15581.0","6.0","5.5","2.86"
"2023-11-21","15496.0","6.0","5.5","2.86"
"2023-11-22","15513.0","6.0","5.5","2.86"
"2023-11-23","15661.0","6.0","5.5","2.86"
"2023-11-24","15670.0","6.0","5.5","2.86"
"2023-11-27","15664.0","6.0","5.5","2.86"
"2023-11-28","15604.0","6.0","5.5","2.86"
"2023-11-29","15527.0","6.0","5.5","2.86"
"2023-11-30","15460.0","6.0","5.5","2.86"
"2023-12-01","15561.0","6.0","5.5","2.61"
"2023-12-04","15601.0","6.0","5.5","2.61"
"2023-12-05","15523.0","6.0","5.5","2.61"
"2023-12-06","15581.0","6.0","5.5","2.61"
"2023-12-07","15581.0","6.0","5.5","2.61"
"2023-12-08","15613.0","6.0","5.5","2.61"
"2023-12-11","15577.0","6.0","5.5","2.61"
"2023-12-12","15692.0","6.0","5.5","2.61"
"2023-12-13","15709.0","6.0","5.5","2.61"
"2023-12-14","15707.0","6.0","5.5","2.61"
"2023-12-15","15570.0","6.0","5.5","2.61"
"2023-12-18","15580.0","6.0","5.5","2.61"
"2023-12-19","15593.0","6.0","5.5","2.61"
"2023-12-20","15583.0","6.0","5.5","2.61"
"2023-12-21","15589.0","6.0","5.5","2.61"
"2023-12-22","15610.0","6.0","5.5","2.61"
"2023-12-27","15566.0","6.0","5.5","2.61"
"2023-12-28","15491.0","6.0","5.5","2.61"
"2023-12-29","15493.0","6.0","5.5","2.61"
"2024-01-02","15516.0","6.0","5.5","2.57"
"2024-01-03","15550.0","6.0","5.5","2.57"
"2024-01-04","15572.0","6.0","5.5","2.57"
"2024-01-05","15602.0","6.0","5.5","2.57"
"2024-01-08","15595.0","6.0","5.5","2.57"
"2024-01-09","15599.0","6.0","5.5","2.57"
"2024-01-10","15595.0","6.0","5.5","2.57"
"2024-01-11","15645.0","6.0","5.5","2.57"
"2024-01-12","15635.0","6.0","5.5","2.57"
"2024-01-15","15636.0","6.0","5.5","2.57"
"2024-01-16","15632.0","6.0","5.5","2.57"
"2024-01-17","15669.0","6.0","5.5","2.57"
"2024-01-18","15717.0","6.0","5.5","2.57"
"2024-01-19","15708.0","6.0","5.5","2.57"
"2024-01-22","15706.0","6.0","5.5","2.57"
"2024-01-23","15705.0","6.0","5.5","2.57"
"2024-01-24","15734.0","6.0","5.5","2.57"
"2024-01-25","15797.0","6.0","5.5","2.57"
"2024-01-26","15845.0","6.0","5.5","2.57"
"2024-01-29","15908.0","6.0","5.5","2.57"
"2024-01-30","15904.0","6.0","5.5","2.57"
"2024-01-31","15874.0","6.0","5.5","2.57"
"2024-02-01","15882.0","6.0","5.5","2.57"
"2024-02-02","15853.0","6.0","5.5","2.75"
"2024-02-05","15766.0","6.0","5.5","2.75"
"2024-02-06","15783.0","6.0","5.5","2.75"
"2024-02-07","15812.0","6.0","5.5","2.75"
"2024-02-12","15763.0","6.0","5.5","2.75"
"2024-02-13","15690.0","6.0","5.5","2.75"
"2024-02-15","15662.0","6.0","5.5","2.75"
"2024-02-16","15684.0","6.0","5.5","2.75"
"2024-02-19","15732.0","6.0","5.5","2.75"
"2024-02-20","15708.0","6.0","5.5","2.75"
"2024-02-21","15737.0","6.0","5.5","2.75"
"2024-02-22","15736.0","6.0","5.5","2.75"
"2024-02-23","15708.0","6.0","5.5","2.75"
"2024-02-26","15666.0","6.0","5.5","2.75"
"2024-02-27","15713.0","6.0","5.5","2.75"
"2024-02-28","15733.0","6.0","5.5","2.75"
"2024-02-29","15751.0","6.0","5.5","2.75"
"2024-03-01","15793.0","6.0","5.5","2.75"
"2024-03-04","15774.0","6.0","5.5","2.75"
"2024-03-05","15801.0","6.0","5.5","2.75"
"2024-03-06","15834.0","6.0","5.5","2.75"
"2024-03-07","15801.0","6.0","5.5","2.75"
"2024-03-08","15736.0","6.0","5.5","2.75"
"2024-03-13","15681.0","6.0","5.5","2.75"
"2024-03-14","15653.0","6.0","5.5","2.75"
"2024-03-15","15659.0","6.0","5.5","2.75"
"2024-03-18","15702.0","6.0","5.5","2.75"
"2024-03-19","15750.0","6.0","5.5","2.75"
"2024-03-20","15790.0","6.0","5.5","2.75"
"2024-03-21","15805.0","6.0","5.5","2.75"
"2024-03-22","15740.0","6.0","5.5","2.75"
"2024-03-25","15851.0","6.0","5.5","2.75"
"2024-03-26","15873.0","6.0","5.5","2.75"
"2024-03-27","15875.0","6.0","5.5","2.75"
"2024-03-28","15932.0","6.0","5.5","2.75"
"2024-04-01","15952.0","6.25","5.5","3.0"
"2024-04-02","15988.0","6.25","5.5","3.0"
"2024-04-03","16013.0","6.25","5.5","3.0"
"2024-04-04","16002.0","6.25","5.5","3.0"
"2024-04-05","15986.0","6.25","5.5","3.0"
"2024-04-16","15952.0","6.25","5.5","3.0"
"2024-04-17","16256.0","6.25","5.5","3.0"
"2024-04-18","16321.0","6.25","5.5","3.0"
"2024-04-19","16257.0","6.25","5.5","3.0"
"2024-04-22","16361.0","6.25","5.5","3.0"
"2024-04-23","16305.0","6.25","5.5","3.0"
"2024-04-24","16325.0","6.25","5.5","3.0"
"2024-04-25","16241.0","6.25","5.5","3.0"
"2024-04-26","16289.0","6.25","5.5","3.0"
"2024-04-29","16303.0","6.25","5.5","3.0"
"2024-04-30","16330.0","6.25","5.5","3.0"
"2024-05-02","16357.0","6.25","5.5","3.0"
"2024-05-03","16283.0","6.25","5.5","3.0"
"2024-05-06","16057.0","6.25","5.5","3.0"
"2024-05-07","16023.0","6.25","5.5","3.0"
"2024-05-08","16150.0","6.25","5.5","3.0"
"2024-05-13","16211.0","6.25","5.5","3.0"
"2024-05-14","16165.0","6.25","5.5","3.0"
"2024-05-15","16161.0","6.25","5.5","3.0"
"2024-05-16","16134.0","6.25","5.5","3.0"
"2024-05-17","16105.0","6.25","5.5","3.0"
"2024-05-20","16174.0","6.25","5.5","3.0"
"2024-05-21","16059.0","6.25","5.5","2.84"
"2024-05-22","16104.0","6.25","5.5","2.84"
"2024-05-27","16074.0","6.25","5.5","2.84"
"2024-05-28","16144.0","6.25","5.5","2.84"
"2024-05-29","16175.0","6.25","5.5","2.84"
"2024-05-30","16240.0","6.25","5.5","2.84"
"2024-05-31","16334.0","6.25","5.5","2.84"
"2024-06-03","16332.0","5.5","5.5","2.84"
"2024-06-04","16306.0","5.5","5.5","2.84"
"2024-06-05","16301.0","5.5","5.5","2.84"
"2024-06-06","16363.0","5.5","5.5","2.84"
